record_num,timestamp,open,high,low,close,buy_count,sell_count,volume,volume_delta,cumulative_volume_delta,cumulative_volume
0,2025-06-11 18:00:00,6076.75,6080.25,6074.50,6075.00,11,14,34,-3,-3,34
1,2025-06-11 18:01:00,6075.25,6075.75,6075.25,6075.75,5,3,8,2,-1,42
2,2025-06-11 18:02:00,6075.00,6075.00,6073.75,6074.75,12,7,19,5,4,61
3,2025-06-11 18:03:00,6074.00,6075.25,6073.50,6074.75,5,12,17,-7,-3,78
4,2025-06-11 18:04:00,6074.25,6074.25,6074.00,6074.00,1,2,3,-1,-4,81
5,2025-06-11 18:05:00,6074.25,6076.50,6074.25,6076.50,3,3,6,0,-4,87
6,2025-06-11 18:06:00,6076.75,6077.75,6076.75,6077.75,2,2,4,0,-4,91
7,2025-06-11 18:07:00,6078.50,6078.50,6078.50,6078.50,1,0,1,1,-3,92
8,2025-06-11 18:08:00,6078.50,6079.50,6078.50,6078.75,14,4,18,10,7,110
9,2025-06-11 18:10:00,6078.50,6079.25,6078.50,6079.25,1,2,3,-1,6,113
10,2025-06-11 18:12:00,6079.25,6079.25,6078.75,6078.75,3,3,6,0,6,119
11,2025-06-11 18:13:00,6078.75,6079.50,6078.75,6079.50,4,4,8,0,6,127
12,2025-06-11 18:14:00,6080.00,6080.00,6080.00,6080.00,1,0,1,1,7,128
13,2025-06-11 18:15:00,6079.00,6079.00,6079.00,6079.00,1,1,2,0,7,130
14,2025-06-11 18:16:00,6079.50,6079.50,6079.50,6079.50,0,1,1,-1,6,131
15,2025-06-11 18:17:00,6079.75,6079.75,6078.75,6078.75,1,3,4,-2,4,135
16,2025-06-11 18:18:00,6079.00,6079.00,6078.75,6079.00,6,2,8,4,8,143
17,2025-06-11 18:19:00,6078.50,6078.50,6078.50,6078.50,0,3,3,-3,5,146
18,2025-06-11 18:20:00,6078.25,6078.75,6078.25,6078.75,2,5,7,-3,2,153
19,2025-06-11 18:21:00,6079.25,6079.25,6079.25,6079.25,1,2,3,-1,1,156
20,2025-06-11 18:22:00,6079.75,6080.75,6079.75,6080.50,5,4,9,1,2,165
21,2025-06-11 18:23:00,6080.50,6081.25,6080.50,6081.00,22,17,39,5,7,204
22,2025-06-11 18:24:00,6080.75,6081.00,6080.75,6081.00,9,5,14,4,11,218
23,2025-06-11 18:25:00,6081.00,6081.00,6080.25,6080.75,1,3,4,-2,9,222
24,2025-06-11 18:26:00,6081.75,6082.25,6081.25,6081.25,12,21,33,-9,0,255
25,2025-06-11 18:27:00,6081.75,6083.00,6081.75,6083.00,13,9,22,4,4,277
26,2025-06-11 18:28:00,6083.25,6083.75,6082.75,6083.25,12,5,17,7,11,294
27,2025-06-11 18:29:00,6083.00,6083.25,6083.00,6083.25,1,2,3,-1,10,297
28,2025-06-11 18:30:00,6083.25,6083.75,6083.00,6083.00,13,8,21,5,15,318
29,2025-06-11 18:31:00,6083.50,6084.50,6083.50,6084.25,3,5,8,-2,13,326
30,2025-06-11 18:34:00,6084.00,6084.25,6084.00,6084.25,3,1,4,2,15,330
31,2025-06-11 18:35:00,6084.75,6085.00,6084.75,6084.75,4,2,6,2,17,336
32,2025-06-11 18:36:00,6084.75,6084.75,6082.75,6082.75,15,46,61,-31,-14,397
33,2025-06-11 18:37:00,6083.25,6083.50,6083.25,6083.50,4,8,12,-4,-18,409
34,2025-06-11 18:38:00,6082.50,6082.50,6081.00,6081.00,10,5,15,5,-13,424
35,2025-06-11 18:39:00,6081.00,6081.25,6081.00,6081.00,7,2,9,5,-8,433
36,2025-06-11 18:40:00,6081.25,6081.25,6080.00,6080.25,9,12,21,-3,-11,454
37,2025-06-11 18:41:00,6080.50,6080.50,6080.00,6080.50,3,1,4,2,-9,458
38,2025-06-11 18:42:00,6081.00,6081.50,6081.00,6081.25,5,1,6,4,-5,464
39,2025-06-11 18:43:00,6081.50,6082.00,6081.50,6082.00,2,1,3,1,-4,467
40,2025-06-11 18:44:00,6081.75,6081.75,6080.75,6080.75,0,2,2,-2,-6,469
41,2025-06-11 18:45:00,6081.00,6081.25,6081.00,6081.25,5,1,6,4,-2,475
42,2025-06-11 18:46:00,6081.00,6081.00,6080.25,6080.25,2,3,5,-1,-3,480
43,2025-06-11 18:47:00,6080.50,6080.75,6080.50,6080.75,2,0,2,2,-1,482
44,2025-06-11 18:48:00,6080.75,6080.75,6079.75,6079.75,1,7,8,-6,-7,490
45,2025-06-11 18:49:00,6080.00,6080.50,6080.00,6080.25,1,4,5,-3,-10,495
46,2025-06-11 18:50:00,6080.50,6080.50,6079.75,6080.25,7,1,8,6,-4,503
47,2025-06-11 18:51:00,6080.25,6080.25,6079.25,6079.50,5,10,15,-5,-9,518
48,2025-06-11 18:52:00,6080.25,6080.25,6076.25,6076.25,24,36,60,-12,-21,578
49,2025-06-11 18:53:00,6076.50,6078.00,6074.50,6075.75,29,31,60,-2,-23,638
50,2025-06-11 18:54:00,6075.25,6075.25,6073.50,6073.75,12,12,24,0,-23,662
51,2025-06-11 18:55:00,6073.25,6073.25,6070.75,6071.00,62,53,115,9,-14,777
52,2025-06-11 18:56:00,6071.25,6071.25,6070.25,6071.00,11,30,41,-19,-33,818
53,2025-06-11 18:57:00,6071.00,6071.00,6069.00,6069.50,12,29,41,-17,-50,859
54,2025-06-11 18:58:00,6069.75,6072.50,6069.25,6071.50,39,29,68,10,-40,927
55,2025-06-11 18:59:00,6071.25,6071.75,6070.75,6071.75,8,11,19,-3,-43,946
56,2025-06-11 19:00:00,6071.25,6072.75,6070.50,6071.00,29,19,48,10,-33,994
57,2025-06-11 19:01:00,6071.00,6072.25,6071.00,6071.50,16,8,24,8,-25,1018
58,2025-06-11 19:02:00,6071.75,6072.50,6071.75,6072.25,9,10,19,-1,-26,1037
59,2025-06-11 19:03:00,6072.25,6072.25,6071.00,6071.50,3,7,10,-4,-30,1047
60,2025-06-11 19:04:00,6071.25,6071.25,6070.75,6071.25,4,5,9,-1,-31,1056
61,2025-06-11 19:05:00,6071.25,6071.25,6067.75,6069.25,51,47,98,4,-27,1154
62,2025-06-11 19:06:00,6069.50,6069.75,6069.25,6069.25,12,14,26,-2,-29,1180
63,2025-06-11 19:07:00,6069.50,6069.75,6069.25,6069.50,9,11,20,-2,-31,1200
64,2025-06-11 19:08:00,6069.25,6070.00,6069.25,6070.00,2,11,13,-9,-40,1213
65,2025-06-11 19:09:00,6070.25,6072.50,6070.25,6071.75,18,11,29,7,-33,1242
66,2025-06-11 19:10:00,6071.75,6072.75,6071.75,6072.75,8,3,11,5,-28,1253
67,2025-06-11 19:11:00,6072.75,6072.75,6072.25,6072.25,2,7,9,-5,-33,1262
68,2025-06-11 19:12:00,6072.00,6072.50,6071.00,6071.00,16,24,40,-8,-41,1302
69,2025-06-11 19:13:00,6070.50,6071.00,6069.50,6071.00,5,13,18,-8,-49,1320
70,2025-06-11 19:14:00,6070.25,6071.00,6069.50,6071.00,6,5,11,1,-48,1331
71,2025-06-11 19:15:00,6071.00,6071.50,6071.00,6071.00,1,2,3,-1,-49,1334
72,2025-06-11 19:16:00,6070.50,6070.50,6070.25,6070.25,4,3,7,1,-48,1341
73,2025-06-11 19:17:00,6070.25,6070.50,6070.25,6070.25,2,6,8,-4,-52,1349
74,2025-06-11 19:18:00,6070.25,6070.25,6069.50,6069.50,2,5,7,-3,-55,1356
75,2025-06-11 19:19:00,6069.25,6069.25,6068.75,6068.75,4,6,10,-2,-57,1366
76,2025-06-11 19:20:00,6068.50,6068.75,6068.50,6068.75,2,1,3,1,-56,1369
77,2025-06-11 19:21:00,6069.25,6069.75,6069.25,6069.25,5,7,12,-2,-58,1381
78,2025-06-11 19:22:00,6069.25,6071.00,6069.25,6071.00,13,2,15,11,-47,1396
79,2025-06-11 19:23:00,6071.00,6071.25,6071.00,6071.25,3,2,5,1,-46,1401
80,2025-06-11 19:24:00,6071.50,6071.50,6071.00,6071.00,62,20,82,42,-4,1483
81,2025-06-11 19:25:00,6070.75,6071.00,6070.75,6071.00,22,7,29,15,11,1512
82,2025-06-11 19:26:00,6071.00,6071.00,6070.25,6070.50,58,15,73,43,54,1585
83,2025-06-11 19:27:00,6070.75,6070.75,6070.25,6070.25,29,2,31,27,81,1616
84,2025-06-11 19:28:00,6070.50,6070.75,6070.00,6070.50,28,9,37,19,100,1653
85,2025-06-11 19:29:00,6070.25,6070.50,6069.75,6070.00,9,15,24,-6,94,1677
86,2025-06-11 19:30:00,6070.00,6071.25,6070.00,6071.25,42,7,49,35,129,1726
87,2025-06-11 19:31:00,6071.00,6071.00,6071.00,6071.00,1,0,1,1,130,1727
88,2025-06-11 19:33:00,6071.50,6071.50,6071.00,6071.25,9,6,15,3,133,1742
89,2025-06-11 19:34:00,6071.00,6072.50,6071.00,6072.50,5,3,8,2,135,1750
90,2025-06-11 19:35:00,6073.00,6075.75,6073.00,6075.75,51,50,101,1,136,1851
91,2025-06-11 19:36:00,6075.75,6075.75,6075.25,6075.25,5,0,5,5,141,1856
92,2025-06-11 19:37:00,6076.00,6076.00,6075.75,6076.00,4,7,11,-3,138,1867
93,2025-06-11 19:38:00,6075.50,6076.00,6075.50,6075.75,9,4,13,5,143,1880
94,2025-06-11 19:39:00,6075.50,6075.50,6074.00,6075.00,14,66,80,-52,91,1960
95,2025-06-11 19:40:00,6075.25,6076.00,6075.25,6076.00,11,4,15,7,98,1975
96,2025-06-11 19:41:00,6076.00,6077.50,6076.00,6076.75,10,9,19,1,99,1994
97,2025-06-11 19:42:00,6076.50,6076.50,6075.50,6075.50,33,8,41,25,124,2035
98,2025-06-11 19:43:00,6075.50,6075.50,6075.50,6075.50,6,0,6,6,130,2041
99,2025-06-11 19:44:00,6075.75,6075.75,6075.50,6075.50,2,1,3,1,131,2044
100,2025-06-11 19:45:00,6075.75,6075.75,6075.00,6075.25,14,11,25,3,134,2069
101,2025-06-11 19:46:00,6075.00,6075.00,6074.25,6074.25,4,10,14,-6,128,2083
102,2025-06-11 19:47:00,6074.00,6074.00,6072.50,6072.50,60,20,80,40,168,2163
103,2025-06-11 19:48:00,6072.75,6073.00,6072.50,6072.75,19,3,22,16,184,2185
104,2025-06-11 19:49:00,6072.75,6072.75,6072.50,6072.50,20,1,21,19,203,2206
105,2025-06-11 19:50:00,6072.50,6072.50,6072.00,6072.25,12,12,24,0,203,2230
106,2025-06-11 19:51:00,6072.00,6072.25,6071.50,6072.00,9,0,9,9,212,2239
107,2025-06-11 19:52:00,6072.50,6072.75,6071.00,6071.75,30,17,47,13,225,2286
108,2025-06-11 19:53:00,6072.25,6072.75,6072.00,6072.75,10,4,14,6,231,2300
109,2025-06-11 19:54:00,6072.75,6072.75,6072.25,6072.50,65,7,72,58,289,2372
110,2025-06-11 19:55:00,6072.75,6073.25,6072.50,6072.50,43,18,61,25,314,2433
111,2025-06-11 19:56:00,6072.50,6072.75,6071.75,6071.75,12,5,17,7,321,2450
112,2025-06-11 19:57:00,6072.00,6072.00,6072.00,6072.00,1,2,3,-1,320,2453
113,2025-06-11 19:58:00,6071.50,6072.25,6071.50,6071.75,8,6,14,2,322,2467
114,2025-06-11 19:59:00,6071.75,6072.00,6071.00,6071.00,12,14,26,-2,320,2493
115,2025-06-11 20:00:00,6071.75,6072.75,6071.25,6071.75,71,28,99,43,363,2592
116,2025-06-11 20:01:00,6072.50,6072.75,6072.00,6072.50,36,10,46,26,389,2638
117,2025-06-11 20:02:00,6072.75,6073.25,6072.50,6072.50,1,9,10,-8,381,2648
118,2025-06-11 20:03:00,6072.50,6073.25,6072.50,6072.50,5,8,13,-3,378,2661
119,2025-06-11 20:04:00,6072.75,6072.75,6069.50,6070.00,20,32,52,-12,366,2713
120,2025-06-11 20:05:00,6069.25,6069.75,6069.00,6069.00,8,10,18,-2,364,2731
121,2025-06-11 20:06:00,6068.75,6068.75,6066.25,6067.25,35,36,71,-1,363,2802
122,2025-06-11 20:07:00,6067.00,6067.50,6066.25,6066.50,15,13,28,2,365,2830
123,2025-06-11 20:08:00,6066.50,6068.50,6066.50,6068.00,18,12,30,6,371,2860
124,2025-06-11 20:09:00,6067.75,6068.75,6067.25,6068.75,4,8,12,-4,367,2872
125,2025-06-11 20:10:00,6068.50,6070.00,6068.50,6069.75,4,5,9,-1,366,2881
126,2025-06-11 20:11:00,6070.00,6070.25,6069.50,6069.50,7,9,16,-2,364,2897
127,2025-06-11 20:12:00,6070.00,6070.00,6069.75,6070.00,2,7,9,-5,359,2906
128,2025-06-11 20:13:00,6069.75,6069.75,6067.75,6069.25,18,31,49,-13,346,2955
129,2025-06-11 20:14:00,6069.25,6069.25,6069.00,6069.00,2,1,3,1,347,2958
130,2025-06-11 20:15:00,6068.75,6069.75,6068.75,6069.50,13,12,25,1,348,2983
131,2025-06-11 20:16:00,6069.50,6069.75,6069.00,6069.25,10,5,15,5,353,2998
132,2025-06-11 20:17:00,6069.25,6069.50,6069.25,6069.50,1,6,7,-5,348,3005
133,2025-06-11 20:18:00,6069.50,6070.50,6069.25,6070.50,5,10,15,-5,343,3020
134,2025-06-11 20:19:00,6069.00,6069.00,6068.50,6069.00,9,14,23,-5,338,3043
135,2025-06-11 20:20:00,6069.00,6069.50,6069.00,6069.25,3,4,7,-1,337,3050
136,2025-06-11 20:21:00,6070.00,6071.00,6070.00,6070.25,5,8,13,-3,334,3063
137,2025-06-11 20:22:00,6070.25,6070.75,6070.25,6070.50,5,12,17,-7,327,3080
138,2025-06-11 20:23:00,6070.50,6070.50,6070.00,6070.00,1,3,4,-2,325,3084
139,2025-06-11 20:24:00,6070.00,6070.00,6068.75,6069.00,4,28,32,-24,301,3116
140,2025-06-11 20:25:00,6070.50,6070.50,6070.25,6070.25,2,10,12,-8,293,3128
141,2025-06-11 20:26:00,6070.25,6070.25,6064.25,6065.75,34,63,97,-29,264,3225
142,2025-06-11 20:27:00,6065.75,6066.75,6064.00,6065.50,28,42,70,-14,250,3295
143,2025-06-11 20:28:00,6064.75,6065.75,6063.75,6065.25,33,34,67,-1,249,3362
144,2025-06-11 20:29:00,6065.50,6065.50,6063.50,6064.75,21,35,56,-14,235,3418
145,2025-06-11 20:30:00,6065.00,6065.50,6064.75,6065.50,11,6,17,5,240,3435
146,2025-06-11 20:31:00,6065.25,6068.75,6065.25,6068.75,40,17,57,23,263,3492
147,2025-06-11 20:32:00,6068.50,6069.75,6068.50,6069.75,4,8,12,-4,259,3504
148,2025-06-11 20:33:00,6069.25,6069.50,6069.25,6069.50,2,5,7,-3,256,3511
149,2025-06-11 20:34:00,6069.50,6070.00,6069.50,6069.75,3,3,6,0,256,3517
150,2025-06-11 20:35:00,6069.50,6069.75,6067.75,6068.25,11,7,18,4,260,3535
151,2025-06-11 20:36:00,6067.75,6067.75,6063.00,6065.25,38,52,90,-14,246,3625
152,2025-06-11 20:37:00,6065.00,6066.75,6061.00,6065.50,141,146,287,-5,241,3912
153,2025-06-11 20:38:00,6065.75,6067.00,6065.75,6066.00,13,14,27,-1,240,3939
154,2025-06-11 20:39:00,6066.25,6066.25,6064.50,6065.75,17,25,42,-8,232,3981
155,2025-06-11 20:40:00,6065.50,6065.75,6062.50,6064.75,30,68,98,-38,194,4079
156,2025-06-11 20:41:00,6064.25,6065.25,6064.25,6065.00,10,8,18,2,196,4097
157,2025-06-11 20:42:00,6066.25,6066.25,6065.00,6066.00,26,24,50,2,198,4147
158,2025-06-11 20:43:00,6066.25,6067.50,6066.25,6067.00,9,11,20,-2,196,4167
159,2025-06-11 20:44:00,6066.75,6066.75,6066.50,6066.50,3,3,6,0,196,4173
160,2025-06-11 20:45:00,6066.00,6066.00,6065.25,6065.75,3,9,12,-6,190,4185
161,2025-06-11 20:46:00,6065.50,6066.00,6065.50,6065.75,5,6,11,-1,189,4196
162,2025-06-11 20:47:00,6065.50,6065.75,6064.25,6064.25,8,16,24,-8,181,4220
163,2025-06-11 20:48:00,6064.75,6064.75,6064.00,6064.50,5,3,8,2,183,4228
164,2025-06-11 20:49:00,6063.75,6064.00,6063.00,6063.25,9,16,25,-7,176,4253
165,2025-06-11 20:50:00,6063.50,6063.50,6059.50,6061.25,50,74,124,-24,152,4377
166,2025-06-11 20:51:00,6061.00,6061.25,6059.75,6060.25,15,35,50,-20,132,4427
167,2025-06-11 20:52:00,6059.75,6060.25,6057.50,6059.75,38,62,100,-24,108,4527
168,2025-06-11 20:53:00,6059.75,6060.50,6059.00,6060.00,32,21,53,11,119,4580
169,2025-06-11 20:54:00,6060.00,6060.50,6059.00,6059.00,24,25,49,-1,118,4629
170,2025-06-11 20:55:00,6059.50,6060.00,6059.00,6060.00,23,37,60,-14,104,4689
171,2025-06-11 20:56:00,6060.25,6060.50,6059.25,6059.25,11,20,31,-9,95,4720
172,2025-06-11 20:57:00,6059.25,6060.00,6059.00,6060.00,5,11,16,-6,89,4736
173,2025-06-11 20:58:00,6059.75,6060.75,6059.75,6060.75,9,3,12,6,95,4748
174,2025-06-11 20:59:00,6060.50,6061.25,6060.50,6061.25,4,3,7,1,96,4755
175,2025-06-11 21:00:00,6061.75,6064.25,6061.75,6063.25,29,25,54,4,100,4809
176,2025-06-11 21:01:00,6063.50,6064.00,6063.00,6063.00,9,13,22,-4,96,4831
177,2025-06-11 21:02:00,6063.50,6063.50,6063.25,6063.25,4,11,15,-7,89,4846
178,2025-06-11 21:03:00,6063.00,6063.25,6062.25,6062.25,9,7,16,2,91,4862
179,2025-06-11 21:04:00,6062.25,6062.50,6062.00,6062.00,7,5,12,2,93,4874
180,2025-06-11 21:05:00,6062.00,6062.50,6062.00,6062.25,5,10,15,-5,88,4889
181,2025-06-11 21:06:00,6062.00,6062.25,6062.00,6062.25,2,6,8,-4,84,4897
182,2025-06-11 21:07:00,6062.75,6063.25,6062.75,6063.25,7,3,10,4,88,4907
183,2025-06-11 21:08:00,6063.50,6064.00,6062.75,6062.75,7,6,13,1,89,4920
184,2025-06-11 21:09:00,6063.00,6063.00,6062.50,6062.75,5,5,10,0,89,4930
185,2025-06-11 21:10:00,6063.25,6063.25,6062.75,6062.75,3,2,5,1,90,4935
186,2025-06-11 21:11:00,6063.00,6063.00,6062.50,6062.50,6,2,8,4,94,4943
187,2025-06-11 21:12:00,6062.75,6063.50,6062.75,6063.50,11,1,12,10,104,4955
188,2025-06-11 21:13:00,6063.00,6063.00,6061.50,6062.00,15,26,41,-11,93,4996
189,2025-06-11 21:14:00,6062.25,6063.75,6062.25,6063.25,11,6,17,5,98,5013
190,2025-06-11 21:15:00,6063.50,6063.75,6063.00,6063.50,16,4,20,12,110,5033
191,2025-06-11 21:16:00,6063.50,6064.75,6063.50,6064.75,23,10,33,13,123,5066
192,2025-06-11 21:17:00,6065.00,6065.00,6063.75,6064.50,10,4,14,6,129,5080
193,2025-06-11 21:18:00,6064.00,6064.75,6064.00,6064.75,6,2,8,4,133,5088
194,2025-06-11 21:19:00,6065.25,6065.50,6065.00,6065.25,14,13,27,1,134,5115
195,2025-06-11 21:20:00,6065.25,6065.75,6064.25,6065.00,12,16,28,-4,130,5143
196,2025-06-11 21:21:00,6064.75,6064.75,6062.50,6062.75,10,23,33,-13,117,5176
197,2025-06-11 21:22:00,6062.50,6062.75,6060.50,6061.75,20,37,57,-17,100,5233
198,2025-06-11 21:23:00,6061.00,6061.25,6059.25,6060.00,23,22,45,1,101,5278
199,2025-06-11 21:24:00,6060.00,6060.00,6059.00,6059.25,10,13,23,-3,98,5301
200,2025-06-11 21:25:00,6059.25,6059.50,6058.00,6058.25,10,13,23,-3,95,5324
201,2025-06-11 21:26:00,6057.75,6058.50,6057.00,6058.25,12,19,31,-7,88,5355
202,2025-06-11 21:27:00,6058.00,6058.25,6056.25,6056.50,13,14,27,-1,87,5382
203,2025-06-11 21:28:00,6056.25,6056.75,6055.00,6055.25,33,52,85,-19,68,5467
204,2025-06-11 21:29:00,6055.00,6055.25,6054.00,6055.25,21,19,40,2,70,5507
205,2025-06-11 21:30:00,6055.50,6056.25,6054.50,6054.50,10,17,27,-7,63,5534
206,2025-06-11 21:31:00,6054.25,6056.50,6054.00,6055.50,74,68,142,6,69,5676
207,2025-06-11 21:32:00,6054.75,6056.00,6054.50,6056.00,8,14,22,-6,63,5698
208,2025-06-11 21:33:00,6056.25,6056.75,6054.50,6054.50,61,57,118,4,67,5816
209,2025-06-11 21:34:00,6054.50,6056.00,6054.50,6055.25,12,14,26,-2,65,5842
210,2025-06-11 21:35:00,6055.25,6056.50,6054.75,6055.25,37,21,58,16,81,5900
211,2025-06-11 21:36:00,6055.50,6056.25,6055.25,6055.25,12,14,26,-2,79,5926
212,2025-06-11 21:37:00,6055.25,6055.50,6050.00,6050.25,40,102,142,-62,17,6068
213,2025-06-11 21:38:00,6050.50,6051.25,6050.00,6050.00,34,143,177,-109,-92,6245
214,2025-06-11 21:39:00,6050.75,6051.50,6050.00,6051.25,36,15,51,21,-71,6296
215,2025-06-11 21:40:00,6051.50,6053.25,6051.25,6052.75,38,30,68,8,-63,6364
216,2025-06-11 21:41:00,6052.50,6053.00,6052.00,6053.00,7,4,11,3,-60,6375
217,2025-06-11 21:42:00,6053.50,6054.75,6053.00,6054.00,16,13,29,3,-57,6404
218,2025-06-11 21:43:00,6054.50,6054.50,6052.75,6052.75,8,9,17,-1,-58,6421
219,2025-06-11 21:44:00,6053.25,6053.75,6053.00,6053.75,3,4,7,-1,-59,6428
220,2025-06-11 21:45:00,6053.75,6053.75,6051.25,6052.50,19,29,48,-10,-69,6476
221,2025-06-11 21:46:00,6052.50,6052.50,6051.50,6052.25,15,24,39,-9,-78,6515
222,2025-06-11 21:47:00,6052.50,6052.50,6051.50,6051.75,10,7,17,3,-75,6532
223,2025-06-11 21:48:00,6052.50,6052.50,6051.50,6051.50,5,8,13,-3,-78,6545
224,2025-06-11 21:49:00,6052.00,6052.00,6052.00,6052.00,1,0,1,1,-77,6546
225,2025-06-11 21:50:00,6051.50,6052.50,6051.50,6052.00,8,7,15,1,-76,6561
226,2025-06-11 21:51:00,6052.00,6052.00,6052.00,6052.00,1,6,7,-5,-81,6568
227,2025-06-11 21:52:00,6052.75,6055.00,6052.75,6055.00,16,9,25,7,-74,6593
228,2025-06-11 21:53:00,6055.25,6056.25,6055.25,6056.25,6,4,10,2,-72,6603
229,2025-06-11 21:54:00,6055.25,6055.75,6055.25,6055.75,5,4,9,1,-71,6612
230,2025-06-11 21:55:00,6056.25,6057.25,6056.25,6056.50,9,10,19,-1,-72,6631
231,2025-06-11 21:56:00,6056.50,6056.50,6056.00,6056.25,7,7,14,0,-72,6645
232,2025-06-11 21:57:00,6056.50,6056.75,6056.50,6056.50,3,1,4,2,-70,6649
233,2025-06-11 21:58:00,6055.75,6056.25,6055.75,6056.00,1,3,4,-2,-72,6653
234,2025-06-11 21:59:00,6057.00,6057.50,6057.00,6057.50,6,0,6,6,-66,6659
235,2025-06-11 22:00:00,6057.50,6058.75,6057.50,6058.50,7,6,13,1,-65,6672
236,2025-06-11 22:01:00,6058.75,6058.75,6058.25,6058.25,6,9,15,-3,-68,6687
237,2025-06-11 22:02:00,6058.50,6058.50,6058.00,6058.25,3,3,6,0,-68,6693
238,2025-06-11 22:03:00,6058.25,6058.25,6057.25,6057.50,5,3,8,2,-66,6701
239,2025-06-11 22:04:00,6057.50,6058.00,6057.50,6058.00,5,1,6,4,-62,6707
240,2025-06-11 22:05:00,6057.50,6058.00,6057.50,6057.75,12,4,16,8,-54,6723
241,2025-06-11 22:06:00,6057.50,6057.75,6056.00,6056.25,9,12,21,-3,-57,6744
242,2025-06-11 22:07:00,6056.00,6056.50,6055.75,6055.75,8,7,15,1,-56,6759
243,2025-06-11 22:08:00,6055.75,6056.25,6055.75,6056.00,10,14,24,-4,-60,6783
244,2025-06-11 22:09:00,6055.50,6056.00,6055.00,6055.25,22,18,40,4,-56,6823
245,2025-06-11 22:10:00,6055.25,6055.50,6054.00,6054.00,10,18,28,-8,-64,6851
246,2025-06-11 22:11:00,6054.00,6056.00,6054.00,6055.75,5,10,15,-5,-69,6866
247,2025-06-11 22:12:00,6056.75,6057.50,6056.50,6057.25,3,3,6,0,-69,6872
248,2025-06-11 22:13:00,6057.25,6057.50,6057.00,6057.25,3,4,7,-1,-70,6879
249,2025-06-11 22:14:00,6057.00,6057.25,6057.00,6057.25,1,1,2,0,-70,6881
250,2025-06-11 22:15:00,6057.50,6057.50,6055.75,6056.00,5,6,11,-1,-71,6892
251,2025-06-11 22:16:00,6056.00,6057.25,6056.00,6056.00,13,10,23,3,-68,6915
252,2025-06-11 22:17:00,6056.50,6057.50,6056.50,6057.50,16,12,28,4,-64,6943
253,2025-06-11 22:18:00,6058.00,6058.50,6058.00,6058.00,6,5,11,1,-63,6954
254,2025-06-11 22:19:00,6057.50,6058.00,6057.50,6057.75,4,1,5,3,-60,6959
255,2025-06-11 22:20:00,6057.50,6057.75,6057.50,6057.75,2,1,3,1,-59,6962
256,2025-06-11 22:21:00,6057.50,6057.50,6057.00,6057.00,1,5,6,-4,-63,6968
257,2025-06-11 22:22:00,6057.75,6057.75,6056.00,6056.25,3,10,13,-7,-70,6981
258,2025-06-11 22:23:00,6056.25,6057.50,6055.75,6057.50,21,15,36,6,-64,7017
259,2025-06-11 22:24:00,6058.00,6058.00,6057.25,6057.50,3,9,12,-6,-70,7029
260,2025-06-11 22:25:00,6057.25,6058.00,6057.25,6058.00,2,1,3,1,-69,7032
261,2025-06-11 22:26:00,6057.75,6057.75,6057.75,6057.75,0,1,1,-1,-70,7033
262,2025-06-11 22:27:00,6058.00,6058.00,6058.00,6058.00,1,0,1,1,-69,7034
263,2025-06-11 22:28:00,6058.00,6058.00,6057.50,6057.50,1,4,5,-3,-72,7039
264,2025-06-11 22:29:00,6057.25,6057.25,6057.25,6057.25,0,2,2,-2,-74,7041
265,2025-06-11 22:30:00,6057.50,6057.75,6057.00,6057.50,14,5,19,9,-65,7060
266,2025-06-11 22:31:00,6058.00,6058.00,6057.50,6057.50,4,1,5,3,-62,7065
267,2025-06-11 22:32:00,6056.50,6056.50,6056.00,6056.00,1,2,3,-1,-63,7068
268,2025-06-11 22:33:00,6056.25,6056.75,6056.00,6056.75,7,8,15,-1,-64,7083
269,2025-06-11 22:34:00,6056.75,6056.75,6056.75,6056.75,1,0,1,1,-63,7084
270,2025-06-11 22:35:00,6057.00,6057.00,6056.50,6056.50,2,2,4,0,-63,7088
271,2025-06-11 22:36:00,6056.75,6056.75,6056.75,6056.75,1,0,1,1,-62,7089
272,2025-06-11 22:37:00,6056.50,6056.50,6056.50,6056.50,1,0,1,1,-61,7090
273,2025-06-11 22:38:00,6058.00,6058.00,6057.75,6058.00,5,7,12,-2,-63,7102
274,2025-06-11 22:39:00,6057.50,6057.50,6057.25,6057.25,0,6,6,-6,-69,7108
275,2025-06-11 22:40:00,6057.25,6057.25,6057.00,6057.00,1,1,2,0,-69,7110
276,2025-06-11 22:41:00,6057.25,6057.25,6057.25,6057.25,4,0,4,4,-65,7114
277,2025-06-11 22:42:00,6057.50,6057.50,6057.25,6057.25,3,1,4,2,-63,7118
278,2025-06-11 22:43:00,6057.25,6057.50,6057.00,6057.00,1,3,4,-2,-65,7122
279,2025-06-11 22:44:00,6057.00,6057.00,6056.50,6056.50,1,2,3,-1,-66,7125
280,2025-06-11 22:45:00,6056.25,6056.25,6056.25,6056.25,3,0,3,3,-63,7128
281,2025-06-11 22:46:00,6056.25,6056.25,6056.25,6056.25,0,2,2,-2,-65,7130
282,2025-06-11 22:48:00,6055.75,6056.00,6054.75,6054.75,14,16,30,-2,-67,7160
283,2025-06-11 22:49:00,6055.00,6055.25,6054.50,6054.75,5,8,13,-3,-70,7173
284,2025-06-11 22:50:00,6055.50,6056.50,6055.50,6056.25,4,4,8,0,-70,7181
285,2025-06-11 22:51:00,6056.25,6056.25,6056.25,6056.25,1,0,1,1,-69,7182
286,2025-06-11 22:52:00,6056.50,6056.75,6056.50,6056.50,6,3,9,3,-66,7191
287,2025-06-11 22:53:00,6056.50,6056.50,6056.50,6056.50,1,0,1,1,-65,7192
288,2025-06-11 22:55:00,6055.50,6056.00,6055.50,6056.00,2,2,4,0,-65,7196
289,2025-06-11 22:56:00,6056.50,6056.50,6056.00,6056.25,1,3,4,-2,-67,7200
290,2025-06-11 22:57:00,6056.50,6056.75,6056.50,6056.75,4,3,7,1,-66,7207
291,2025-06-11 22:58:00,6056.75,6057.50,6056.75,6057.50,3,2,5,1,-65,7212
292,2025-06-11 22:59:00,6057.00,6057.00,6057.00,6057.00,1,0,1,1,-64,7213
293,2025-06-11 23:00:00,6057.00,6057.75,6057.00,6057.75,8,3,11,5,-59,7224
294,2025-06-11 23:01:00,6058.00,6059.25,6058.00,6058.75,19,6,25,13,-46,7249
295,2025-06-11 23:02:00,6058.75,6058.75,6058.75,6058.75,1,0,1,1,-45,7250
296,2025-06-11 23:03:00,6058.75,6058.75,6057.75,6058.00,6,13,19,-7,-52,7269
297,2025-06-11 23:04:00,6058.00,6058.00,6057.50,6057.50,4,3,7,1,-51,7276
298,2025-06-11 23:05:00,6058.00,6058.50,6058.00,6058.50,0,5,5,-5,-56,7281
299,2025-06-11 23:06:00,6058.50,6058.50,6058.50,6058.50,1,0,1,1,-55,7282
300,2025-06-11 23:08:00,6058.50,6058.50,6057.25,6057.50,9,16,25,-7,-62,7307
301,2025-06-11 23:09:00,6058.00,6059.50,6058.00,6058.75,11,6,17,5,-57,7324
302,2025-06-11 23:10:00,6058.50,6058.50,6057.25,6057.25,4,10,14,-6,-63,7338
303,2025-06-11 23:11:00,6058.00,6058.00,6057.75,6057.75,0,2,2,-2,-65,7340
304,2025-06-11 23:12:00,6056.75,6058.00,6056.50,6058.00,5,4,9,1,-64,7349
305,2025-06-11 23:13:00,6058.00,6059.25,6057.50,6059.00,6,7,13,-1,-65,7362
306,2025-06-11 23:14:00,6059.50,6060.50,6059.50,6060.00,10,5,15,5,-60,7377
307,2025-06-11 23:15:00,6060.50,6061.00,6060.50,6061.00,4,0,4,4,-56,7381
308,2025-06-11 23:16:00,6060.75,6061.50,6060.50,6061.50,14,9,23,5,-51,7404
309,2025-06-11 23:17:00,6061.25,6061.50,6060.75,6061.25,14,6,20,8,-43,7424
310,2025-06-11 23:18:00,6061.00,6061.75,6061.00,6061.75,4,5,9,-1,-44,7433
311,2025-06-11 23:19:00,6061.75,6062.25,6061.75,6062.00,5,2,7,3,-41,7440
312,2025-06-11 23:20:00,6062.00,6062.00,6062.00,6062.00,0,1,1,-1,-42,7441
313,2025-06-11 23:21:00,6062.00,6062.00,6062.00,6062.00,3,2,5,1,-41,7446
314,2025-06-11 23:22:00,6062.00,6062.25,6062.00,6062.25,2,0,2,2,-39,7448
315,2025-06-11 23:23:00,6062.50,6062.50,6062.25,6062.25,6,2,8,4,-35,7456
316,2025-06-11 23:24:00,6062.25,6064.00,6062.25,6064.00,21,13,34,8,-27,7490
317,2025-06-11 23:25:00,6064.00,6064.00,6063.00,6063.50,10,39,49,-29,-56,7539
318,2025-06-11 23:26:00,6063.50,6064.00,6063.50,6063.50,11,12,23,-1,-57,7562
319,2025-06-11 23:27:00,6064.25,6064.75,6064.25,6064.25,9,7,16,2,-55,7578
320,2025-06-11 23:28:00,6064.75,6065.25,6064.75,6065.25,8,10,18,-2,-57,7596
321,2025-06-11 23:29:00,6065.25,6065.25,6065.00,6065.00,2,4,6,-2,-59,7602
322,2025-06-11 23:31:00,6065.00,6065.00,6064.75,6064.75,2,8,10,-6,-65,7612
323,2025-06-11 23:32:00,6065.00,6065.00,6065.00,6065.00,1,0,1,1,-64,7613
324,2025-06-11 23:34:00,6065.00,6065.00,6065.00,6065.00,1,0,1,1,-63,7614
325,2025-06-11 23:35:00,6064.75,6064.75,6064.75,6064.75,0,2,2,-2,-65,7616
326,2025-06-11 23:36:00,6065.00,6065.00,6064.75,6064.75,1,1,2,0,-65,7618
327,2025-06-11 23:37:00,6065.00,6065.00,6065.00,6065.00,3,0,3,3,-62,7621
328,2025-06-11 23:38:00,6065.00,6065.75,6065.00,6065.50,7,8,15,-1,-63,7636
329,2025-06-11 23:39:00,6065.25,6065.75,6065.25,6065.75,7,0,7,7,-56,7643
330,2025-06-11 23:40:00,6065.75,6066.00,6065.50,6065.75,8,7,15,1,-55,7658
331,2025-06-11 23:41:00,6065.50,6065.50,6065.50,6065.50,1,5,6,-4,-59,7664
332,2025-06-11 23:42:00,6065.00,6065.00,6065.00,6065.00,0,4,4,-4,-63,7668
333,2025-06-11 23:43:00,6065.25,6065.25,6065.25,6065.25,0,2,2,-2,-65,7670
334,2025-06-11 23:44:00,6065.00,6065.00,6064.75,6064.75,1,1,2,0,-65,7672
335,2025-06-11 23:45:00,6064.75,6065.25,6064.75,6065.25,3,1,4,2,-63,7676
336,2025-06-11 23:46:00,6065.50,6065.75,6065.50,6065.50,8,3,11,5,-58,7687
337,2025-06-11 23:47:00,6065.00,6065.00,6065.00,6065.00,0,3,3,-3,-61,7690
338,2025-06-11 23:48:00,6064.75,6065.00,6064.50,6065.00,6,5,11,1,-60,7701
339,2025-06-11 23:49:00,6064.25,6064.25,6063.75,6063.75,1,9,10,-8,-68,7711
340,2025-06-11 23:50:00,6064.25,6064.75,6064.25,6064.75,3,1,4,2,-66,7715
341,2025-06-11 23:51:00,6064.25,6064.25,6064.25,6064.25,6,3,9,3,-63,7724
342,2025-06-11 23:52:00,6064.25,6064.25,6063.50,6063.50,1,4,5,-3,-66,7729
343,2025-06-11 23:53:00,6063.00,6063.50,6063.00,6063.25,3,3,6,0,-66,7735
344,2025-06-11 23:54:00,6063.00,6063.00,6063.00,6063.00,0,3,3,-3,-69,7738
345,2025-06-11 23:55:00,6063.25,6063.25,6063.25,6063.25,0,1,1,-1,-70,7739
346,2025-06-11 23:56:00,6063.25,6063.50,6063.00,6063.00,4,4,8,0,-70,7747
347,2025-06-11 23:57:00,6063.00,6063.00,6062.25,6062.25,3,9,12,-6,-76,7759
348,2025-06-11 23:58:00,6062.50,6062.50,6061.50,6062.00,6,12,18,-6,-82,7777
349,2025-06-11 23:59:00,6062.25,6062.50,6062.00,6062.25,7,3,10,4,-78,7787
350,2025-06-12 00:00:00,6062.25,6062.50,6061.50,6062.25,5,5,10,0,-78,7797
351,2025-06-12 00:01:00,6062.75,6064.25,6062.75,6063.75,11,10,21,1,-77,7818
352,2025-06-12 00:02:00,6063.75,6064.25,6063.75,6064.25,3,2,5,1,-76,7823
353,2025-06-12 00:03:00,6063.75,6064.75,6063.75,6064.75,6,2,8,4,-72,7831
354,2025-06-12 00:04:00,6064.50,6065.00,6064.50,6065.00,3,0,3,3,-69,7834
355,2025-06-12 00:05:00,6064.75,6064.75,6064.50,6064.50,0,4,4,-4,-73,7838
356,2025-06-12 00:06:00,6064.50,6064.50,6064.50,6064.50,1,2,3,-1,-74,7841
357,2025-06-12 00:07:00,6064.00,6064.00,6063.75,6063.75,0,2,2,-2,-76,7843
358,2025-06-12 00:08:00,6063.75,6063.75,6063.75,6063.75,4,0,4,4,-72,7847
359,2025-06-12 00:12:00,6064.00,6064.00,6062.75,6063.25,6,8,14,-2,-74,7861
360,2025-06-12 00:13:00,6062.75,6062.75,6062.50,6062.50,1,4,5,-3,-77,7866
361,2025-06-12 00:14:00,6062.25,6062.25,6062.00,6062.00,1,3,4,-2,-79,7870
362,2025-06-12 00:15:00,6062.75,6062.75,6062.75,6062.75,0,1,1,-1,-80,7871
363,2025-06-12 00:16:00,6063.00,6063.25,6063.00,6063.25,1,2,3,-1,-81,7874
364,2025-06-12 00:18:00,6063.50,6064.00,6063.50,6064.00,1,1,2,0,-81,7876
365,2025-06-12 00:19:00,6064.50,6064.50,6063.75,6063.75,12,14,26,-2,-83,7902
366,2025-06-12 00:20:00,6063.75,6063.75,6063.75,6063.75,2,0,2,2,-81,7904
367,2025-06-12 00:22:00,6064.00,6064.25,6064.00,6064.25,3,0,3,3,-78,7907
368,2025-06-12 00:23:00,6064.25,6064.25,6063.75,6064.25,10,8,18,2,-76,7925
369,2025-06-12 00:25:00,6063.50,6063.50,6063.25,6063.25,1,4,5,-3,-79,7930
370,2025-06-12 00:26:00,6063.25,6063.25,6063.25,6063.25,1,1,2,0,-79,7932
371,2025-06-12 00:27:00,6062.75,6063.50,6062.75,6063.50,0,5,5,-5,-84,7937
372,2025-06-12 00:28:00,6064.00,6064.50,6064.00,6064.50,8,1,9,7,-77,7946
373,2025-06-12 00:29:00,6064.25,6064.25,6064.00,6064.00,0,3,3,-3,-80,7949
374,2025-06-12 00:30:00,6064.00,6064.25,6064.00,6064.25,2,2,4,0,-80,7953
375,2025-06-12 00:31:00,6063.75,6063.75,6063.50,6063.50,1,1,2,0,-80,7955
376,2025-06-12 00:32:00,6063.75,6063.75,6063.75,6063.75,0,1,1,-1,-81,7956
377,2025-06-12 00:34:00,6063.00,6063.00,6063.00,6063.00,2,2,4,0,-81,7960
378,2025-06-12 00:35:00,6063.00,6063.00,6062.25,6062.25,1,5,6,-4,-85,7966
379,2025-06-12 00:36:00,6062.50,6062.50,6062.50,6062.50,1,0,1,1,-84,7967
380,2025-06-12 00:37:00,6061.75,6061.75,6061.25,6061.25,1,9,10,-8,-92,7977
381,2025-06-12 00:38:00,6060.75,6061.25,6060.75,6061.25,5,10,15,-5,-97,7992
382,2025-06-12 00:39:00,6061.50,6061.75,6061.25,6061.50,7,8,15,-1,-98,8007
383,2025-06-12 00:40:00,6061.75,6062.25,6061.75,6062.25,4,3,7,1,-97,8014
384,2025-06-12 00:41:00,6062.25,6062.50,6062.25,6062.50,5,1,6,4,-93,8020
385,2025-06-12 00:42:00,6062.75,6063.00,6062.75,6062.75,2,1,3,1,-92,8023
386,2025-06-12 00:43:00,6063.00,6063.25,6062.75,6062.75,1,5,6,-4,-96,8029
387,2025-06-12 00:44:00,6063.00,6063.50,6063.00,6063.50,8,3,11,5,-91,8040
388,2025-06-12 00:45:00,6064.00,6064.25,6063.75,6064.25,1,4,5,-3,-94,8045
389,2025-06-12 00:46:00,6063.75,6063.75,6063.75,6063.75,0,2,2,-2,-96,8047
390,2025-06-12 00:47:00,6064.00,6064.25,6064.00,6064.25,3,5,8,-2,-98,8055
391,2025-06-12 00:48:00,6064.50,6065.50,6064.50,6064.50,3,6,9,-3,-101,8064
392,2025-06-12 00:49:00,6064.50,6064.50,6064.25,6064.50,6,5,11,1,-100,8075
393,2025-06-12 00:50:00,6064.50,6064.50,6064.50,6064.50,0,2,2,-2,-102,8077
394,2025-06-12 00:51:00,6064.50,6064.50,6064.50,6064.50,1,5,6,-4,-106,8083
395,2025-06-12 00:52:00,6064.25,6064.50,6064.00,6064.50,4,9,13,-5,-111,8096
396,2025-06-12 00:53:00,6064.75,6065.25,6064.75,6065.25,3,3,6,0,-111,8102
397,2025-06-12 00:54:00,6065.25,6065.50,6065.00,6065.00,3,7,10,-4,-115,8112
398,2025-06-12 00:55:00,6065.25,6065.50,6065.25,6065.50,3,0,3,3,-112,8115
399,2025-06-12 00:56:00,6065.75,6066.25,6065.75,6066.25,9,1,10,8,-104,8125
400,2025-06-12 00:57:00,6066.00,6066.50,6066.00,6066.00,6,10,16,-4,-108,8141
401,2025-06-12 00:58:00,6066.50,6066.50,6066.25,6066.25,2,2,4,0,-108,8145
402,2025-06-12 00:59:00,6066.25,6066.25,6066.25,6066.25,0,1,1,-1,-109,8146
403,2025-06-12 01:00:00,6066.25,6066.50,6065.75,6066.00,5,8,13,-3,-112,8159
404,2025-06-12 01:01:00,6065.75,6065.75,6065.25,6065.50,2,14,16,-12,-124,8175
405,2025-06-12 01:02:00,6065.25,6065.25,6065.25,6065.25,0,7,7,-7,-131,8182
406,2025-06-12 01:03:00,6065.75,6066.00,6065.50,6065.50,3,5,8,-2,-133,8190
407,2025-06-12 01:04:00,6065.50,6065.50,6064.75,6064.75,1,8,9,-7,-140,8199
408,2025-06-12 01:05:00,6064.75,6065.00,6064.75,6064.75,9,5,14,4,-136,8213
409,2025-06-12 01:06:00,6064.50,6065.00,6064.25,6065.00,8,11,19,-3,-139,8232
410,2025-06-12 01:07:00,6064.50,6065.25,6064.25,6065.00,1,5,6,-4,-143,8238
411,2025-06-12 01:08:00,6064.75,6064.75,6064.75,6064.75,1,2,3,-1,-144,8241
412,2025-06-12 01:09:00,6064.50,6064.50,6064.00,6064.00,0,5,5,-5,-149,8246
413,2025-06-12 01:10:00,6064.50,6064.50,6064.25,6064.25,4,5,9,-1,-150,8255
414,2025-06-12 01:11:00,6064.50,6064.50,6064.50,6064.50,0,2,2,-2,-152,8257
415,2025-06-12 01:12:00,6064.50,6064.50,6064.50,6064.50,1,1,2,0,-152,8259
416,2025-06-12 01:13:00,6064.75,6064.75,6064.00,6064.00,2,4,6,-2,-154,8265
417,2025-06-12 01:14:00,6064.00,6064.75,6063.75,6064.50,7,6,13,1,-153,8278
418,2025-06-12 01:15:00,6065.00,6066.75,6065.00,6066.75,10,10,20,0,-153,8298
419,2025-06-12 01:16:00,6066.50,6066.50,6065.50,6065.50,3,14,17,-11,-164,8315
420,2025-06-12 01:17:00,6065.50,6065.75,6065.50,6065.50,3,2,5,1,-163,8320
421,2025-06-12 01:18:00,6065.25,6065.25,6065.25,6065.25,0,1,1,-1,-164,8321
422,2025-06-12 01:20:00,6064.50,6064.75,6064.50,6064.75,2,2,4,0,-164,8325
423,2025-06-12 01:23:00,6066.00,6066.00,6066.00,6066.00,1,0,1,1,-163,8326
424,2025-06-12 01:24:00,6066.50,6067.50,6066.50,6067.25,5,4,9,1,-162,8335
425,2025-06-12 01:25:00,6067.50,6067.50,6067.50,6067.50,0,3,3,-3,-165,8338
426,2025-06-12 01:26:00,6067.75,6068.00,6067.75,6068.00,5,0,5,5,-160,8343
427,2025-06-12 01:27:00,6067.75,6068.00,6067.75,6068.00,6,2,8,4,-156,8351
428,2025-06-12 01:28:00,6068.25,6068.25,6067.75,6067.75,10,6,16,4,-152,8367
429,2025-06-12 01:29:00,6067.25,6067.25,6067.25,6067.25,3,0,3,3,-149,8370
430,2025-06-12 01:30:00,6067.50,6067.75,6067.50,6067.50,3,2,5,1,-148,8375
431,2025-06-12 01:31:00,6067.50,6067.50,6067.50,6067.50,1,0,1,1,-147,8376
432,2025-06-12 01:32:00,6067.00,6067.25,6067.00,6067.25,5,6,11,-1,-148,8387
433,2025-06-12 01:35:00,6067.25,6067.25,6067.25,6067.25,1,1,2,0,-148,8389
434,2025-06-12 01:36:00,6067.25,6067.25,6067.25,6067.25,0,1,1,-1,-149,8390
435,2025-06-12 01:37:00,6066.50,6066.50,6065.50,6066.00,2,5,7,-3,-152,8397
436,2025-06-12 01:38:00,6065.75,6065.75,6065.75,6065.75,0,2,2,-2,-154,8399
437,2025-06-12 01:39:00,6065.75,6065.75,6064.75,6064.75,1,6,7,-5,-159,8406
438,2025-06-12 01:40:00,6064.25,6064.25,6062.75,6062.75,8,3,11,5,-154,8417
439,2025-06-12 01:41:00,6063.50,6063.50,6061.50,6062.75,14,15,29,-1,-155,8446
440,2025-06-12 01:42:00,6062.75,6062.75,6062.25,6062.50,1,3,4,-2,-157,8450
441,2025-06-12 01:43:00,6062.50,6062.50,6062.00,6062.00,1,3,4,-2,-159,8454
442,2025-06-12 01:44:00,6062.50,6062.75,6060.75,6061.50,30,39,69,-9,-168,8523
443,2025-06-12 01:45:00,6061.75,6062.50,6061.50,6062.50,4,7,11,-3,-171,8534
444,2025-06-12 01:46:00,6061.75,6062.00,6061.75,6062.00,4,5,9,-1,-172,8543
445,2025-06-12 01:47:00,6062.00,6062.00,6061.25,6061.75,12,8,20,4,-168,8563
446,2025-06-12 01:48:00,6061.75,6062.00,6061.00,6062.00,19,9,28,10,-158,8591
447,2025-06-12 01:49:00,6062.00,6063.00,6062.00,6063.00,26,9,35,17,-141,8626
448,2025-06-12 01:50:00,6062.75,6064.00,6062.75,6063.00,7,7,14,0,-141,8640
449,2025-06-12 01:51:00,6063.00,6063.00,6062.50,6063.00,6,6,12,0,-141,8652
450,2025-06-12 01:52:00,6063.00,6064.25,6063.00,6063.75,14,11,25,3,-138,8677
451,2025-06-12 01:53:00,6063.75,6065.25,6063.75,6065.25,36,31,67,5,-133,8744
452,2025-06-12 01:54:00,6065.50,6066.00,6064.75,6065.50,17,21,38,-4,-137,8782
453,2025-06-12 01:55:00,6066.00,6066.00,6065.50,6065.75,6,4,10,2,-135,8792
454,2025-06-12 01:56:00,6065.75,6066.50,6065.75,6066.25,5,3,8,2,-133,8800
455,2025-06-12 01:57:00,6066.75,6069.25,6065.75,6066.75,85,58,143,27,-106,8943
456,2025-06-12 01:58:00,6067.00,6067.50,6066.75,6067.25,15,5,20,10,-96,8963
457,2025-06-12 01:59:00,6066.50,6066.75,6066.25,6066.75,14,12,26,2,-94,8989
458,2025-06-12 02:00:00,6066.50,6066.50,6064.25,6064.25,8,10,18,-2,-96,9007
459,2025-06-12 02:01:00,6064.00,6064.00,6062.00,6062.50,22,24,46,-2,-98,9053
460,2025-06-12 02:02:00,6062.25,6064.25,6062.25,6064.00,12,10,22,2,-96,9075
461,2025-06-12 02:03:00,6063.75,6065.25,6063.75,6065.00,9,8,17,1,-95,9092
462,2025-06-12 02:04:00,6064.75,6065.00,6063.25,6063.50,13,9,22,4,-91,9114
463,2025-06-12 02:05:00,6063.50,6064.25,6063.25,6063.25,10,10,20,0,-91,9134
464,2025-06-12 02:06:00,6063.00,6063.00,6062.50,6062.75,8,2,10,6,-85,9144
465,2025-06-12 02:07:00,6063.00,6063.00,6063.00,6063.00,2,1,3,1,-84,9147
466,2025-06-12 02:08:00,6063.00,6065.00,6063.00,6064.00,22,7,29,15,-69,9176
467,2025-06-12 02:09:00,6064.00,6064.00,6063.25,6063.75,10,10,20,0,-69,9196
468,2025-06-12 02:10:00,6063.25,6064.00,6062.25,6063.75,17,15,32,2,-67,9228
469,2025-06-12 02:11:00,6063.50,6065.00,6063.25,6065.00,6,9,15,-3,-70,9243
470,2025-06-12 02:12:00,6065.50,6065.75,6064.75,6065.25,6,7,13,-1,-71,9256
471,2025-06-12 02:13:00,6064.75,6064.75,6064.50,6064.50,1,4,5,-3,-74,9261
472,2025-06-12 02:14:00,6064.75,6066.00,6064.75,6066.00,18,14,32,4,-70,9293
473,2025-06-12 02:15:00,6066.00,6068.00,6066.00,6067.50,51,27,78,24,-46,9371
474,2025-06-12 02:16:00,6067.00,6067.75,6067.00,6067.00,23,17,40,6,-40,9411
475,2025-06-12 02:17:00,6066.75,6066.75,6066.00,6066.00,1,5,6,-4,-44,9417
476,2025-06-12 02:18:00,6066.00,6066.25,6066.00,6066.25,2,5,7,-3,-47,9424
477,2025-06-12 02:19:00,6066.00,6067.25,6066.00,6067.25,11,8,19,3,-44,9443
478,2025-06-12 02:20:00,6067.25,6067.25,6066.50,6066.50,10,11,21,-1,-45,9464
479,2025-06-12 02:21:00,6066.25,6067.00,6066.00,6066.75,4,7,11,-3,-48,9475
480,2025-06-12 02:22:00,6066.25,6066.25,6065.50,6066.25,8,8,16,0,-48,9491
481,2025-06-12 02:23:00,6066.50,6066.75,6066.50,6066.75,3,0,3,3,-45,9494
482,2025-06-12 02:24:00,6066.50,6066.75,6066.50,6066.50,3,2,5,1,-44,9499
483,2025-06-12 02:25:00,6066.75,6067.25,6066.75,6066.75,5,4,9,1,-43,9508
484,2025-06-12 02:26:00,6066.75,6066.75,6066.50,6066.75,5,3,8,2,-41,9516
485,2025-06-12 02:27:00,6066.50,6066.50,6065.75,6065.75,3,9,12,-6,-47,9528
486,2025-06-12 02:28:00,6066.00,6066.25,6065.75,6065.75,5,6,11,-1,-48,9539
487,2025-06-12 02:29:00,6065.25,6065.25,6064.25,6064.50,11,10,21,1,-47,9560
488,2025-06-12 02:30:00,6064.00,6064.50,6063.00,6064.25,13,17,30,-4,-51,9590
489,2025-06-12 02:31:00,6063.75,6065.00,6063.75,6065.00,8,6,14,2,-49,9604
490,2025-06-12 02:32:00,6065.25,6067.75,6065.25,6067.75,21,18,39,3,-46,9643
491,2025-06-12 02:33:00,6067.25,6068.25,6067.25,6068.25,11,10,21,1,-45,9664
492,2025-06-12 02:34:00,6068.00,6068.25,6068.00,6068.00,6,4,10,2,-43,9674
493,2025-06-12 02:35:00,6068.25,6068.25,6067.50,6067.50,1,3,4,-2,-45,9678
494,2025-06-12 02:36:00,6067.50,6067.50,6067.25,6067.25,0,2,2,-2,-47,9680
495,2025-06-12 02:37:00,6066.75,6067.00,6066.50,6067.00,6,6,12,0,-47,9692
496,2025-06-12 02:38:00,6066.75,6068.00,6066.50,6068.00,7,11,18,-4,-51,9710
497,2025-06-12 02:39:00,6067.25,6067.25,6066.75,6067.00,4,3,7,1,-50,9717
498,2025-06-12 02:40:00,6066.50,6066.75,6066.25,6066.75,7,4,11,3,-47,9728
499,2025-06-12 02:41:00,6066.75,6067.00,6066.75,6067.00,2,2,4,0,-47,9732
500,2025-06-12 02:42:00,6067.50,6068.25,6067.50,6068.25,10,13,23,-3,-50,9755
501,2025-06-12 02:43:00,6068.25,6068.75,6068.25,6068.75,6,3,9,3,-47,9764
502,2025-06-12 02:44:00,6068.50,6068.50,6067.75,6067.75,4,8,12,-4,-51,9776
503,2025-06-12 02:45:00,6067.75,6067.75,6066.75,6066.75,3,7,10,-4,-55,9786
504,2025-06-12 02:46:00,6066.75,6066.75,6066.50,6066.50,3,0,3,3,-52,9789
505,2025-06-12 02:47:00,6066.25,6066.25,6065.75,6066.00,3,8,11,-5,-57,9800
506,2025-06-12 02:48:00,6065.75,6068.50,6065.75,6068.25,18,10,28,8,-49,9828
507,2025-06-12 02:49:00,6068.00,6068.00,6067.25,6067.25,7,4,11,3,-46,9839
508,2025-06-12 02:50:00,6067.00,6070.00,6066.50,6068.25,88,30,118,58,12,9957
509,2025-06-12 02:51:00,6068.25,6069.25,6068.25,6068.75,8,17,25,-9,3,9982
510,2025-06-12 02:52:00,6068.75,6070.50,6068.25,6070.50,19,15,34,4,7,10016
511,2025-06-12 02:53:00,6070.00,6070.75,6069.50,6070.50,15,10,25,5,12,10041
512,2025-06-12 02:54:00,6070.25,6070.25,6069.50,6070.00,7,6,13,1,13,10054
513,2025-06-12 02:55:00,6070.00,6070.00,6070.00,6070.00,0,2,2,-2,11,10056
514,2025-06-12 02:56:00,6070.25,6070.25,6068.75,6068.75,2,3,5,-1,10,10061
515,2025-06-12 02:57:00,6068.50,6069.00,6068.50,6069.00,3,3,6,0,10,10067
516,2025-06-12 02:58:00,6068.75,6069.25,6068.75,6069.25,1,2,3,-1,9,10070
517,2025-06-12 02:59:00,6069.25,6069.50,6068.75,6069.50,9,15,24,-6,3,10094
518,2025-06-12 03:00:00,6069.75,6070.25,6069.00,6069.25,29,38,67,-9,-6,10161
519,2025-06-12 03:01:00,6069.50,6072.75,6069.50,6072.25,27,34,61,-7,-13,10222
520,2025-06-12 03:02:00,6071.75,6072.25,6071.50,6072.00,13,20,33,-7,-20,10255
521,2025-06-12 03:03:00,6072.00,6074.00,6071.75,6073.25,127,74,201,53,33,10456
522,2025-06-12 03:04:00,6073.00,6073.00,6072.50,6073.00,14,15,29,-1,32,10485
523,2025-06-12 03:05:00,6073.00,6073.50,6071.50,6071.50,11,16,27,-5,27,10512
524,2025-06-12 03:06:00,6071.50,6072.00,6071.00,6071.25,16,15,31,1,28,10543
525,2025-06-12 03:07:00,6071.50,6073.00,6071.50,6072.50,13,10,23,3,31,10566
526,2025-06-12 03:08:00,6073.00,6073.25,6073.00,6073.25,6,4,10,2,33,10576
527,2025-06-12 03:09:00,6073.25,6073.75,6072.25,6072.25,5,10,15,-5,28,10591
528,2025-06-12 03:10:00,6072.50,6072.75,6072.50,6072.50,4,8,12,-4,24,10603
529,2025-06-12 03:11:00,6072.75,6073.50,6072.50,6072.75,40,19,59,21,45,10662
530,2025-06-12 03:12:00,6072.50,6072.50,6071.75,6072.00,5,12,17,-7,38,10679
531,2025-06-12 03:13:00,6072.00,6072.75,6069.25,6071.25,36,159,195,-123,-85,10874
532,2025-06-12 03:14:00,6071.00,6072.00,6070.75,6070.75,33,18,51,15,-70,10925
533,2025-06-12 03:15:00,6070.75,6072.00,6069.75,6070.00,41,112,153,-71,-141,11078
534,2025-06-12 03:16:00,6070.00,6070.50,6069.75,6070.50,11,13,24,-2,-143,11102
535,2025-06-12 03:17:00,6070.50,6071.50,6070.00,6071.50,36,23,59,13,-130,11161
536,2025-06-12 03:18:00,6071.50,6071.50,6070.50,6070.75,7,17,24,-10,-140,11185
537,2025-06-12 03:19:00,6070.75,6071.00,6070.00,6070.00,8,16,24,-8,-148,11209
538,2025-06-12 03:20:00,6070.00,6071.25,6069.75,6070.00,34,17,51,17,-131,11260
539,2025-06-12 03:21:00,6070.25,6071.50,6070.00,6071.00,29,24,53,5,-126,11313
540,2025-06-12 03:22:00,6071.25,6071.75,6071.00,6071.75,8,22,30,-14,-140,11343
541,2025-06-12 03:23:00,6072.00,6072.25,6071.50,6072.25,12,21,33,-9,-149,11376
542,2025-06-12 03:24:00,6072.25,6072.25,6071.50,6072.00,6,15,21,-9,-158,11397
543,2025-06-12 03:25:00,6071.75,6072.25,6071.50,6071.75,14,12,26,2,-156,11423
544,2025-06-12 03:26:00,6071.75,6071.75,6070.75,6071.50,10,18,28,-8,-164,11451
545,2025-06-12 03:27:00,6071.50,6071.50,6068.75,6069.00,9,24,33,-15,-179,11484
546,2025-06-12 03:28:00,6069.25,6071.00,6069.25,6070.50,12,27,39,-15,-194,11523
547,2025-06-12 03:29:00,6070.50,6070.50,6068.25,6068.75,14,17,31,-3,-197,11554
548,2025-06-12 03:30:00,6068.50,6068.50,6065.75,6066.25,21,34,55,-13,-210,11609
549,2025-06-12 03:31:00,6066.00,6067.00,6064.50,6064.50,12,23,35,-11,-221,11644
550,2025-06-12 03:32:00,6065.00,6065.50,6063.75,6063.75,13,18,31,-5,-226,11675
551,2025-06-12 03:33:00,6063.75,6064.50,6063.50,6064.50,11,16,27,-5,-231,11702
552,2025-06-12 03:34:00,6064.25,6065.00,6063.75,6064.50,8,13,21,-5,-236,11723
553,2025-06-12 03:35:00,6064.75,6065.75,6064.25,6065.50,21,17,38,4,-232,11761
554,2025-06-12 03:36:00,6065.25,6066.50,6064.75,6066.00,14,17,31,-3,-235,11792
555,2025-06-12 03:37:00,6064.75,6065.00,6064.25,6064.75,6,9,15,-3,-238,11807
556,2025-06-12 03:38:00,6064.75,6065.00,6063.75,6064.75,18,15,33,3,-235,11840
557,2025-06-12 03:39:00,6064.75,6066.00,6064.75,6065.25,18,16,34,2,-233,11874
558,2025-06-12 03:40:00,6064.75,6064.75,6063.75,6064.75,4,9,13,-5,-238,11887
559,2025-06-12 03:41:00,6065.25,6065.25,6063.75,6063.75,18,14,32,4,-234,11919
560,2025-06-12 03:42:00,6063.75,6063.75,6062.50,6063.25,21,31,52,-10,-244,11971
561,2025-06-12 03:43:00,6062.75,6063.00,6062.50,6062.50,5,28,33,-23,-267,12004
562,2025-06-12 03:44:00,6062.25,6062.25,6061.25,6061.75,27,27,54,0,-267,12058
563,2025-06-12 03:45:00,6061.75,6061.75,6060.00,6060.50,52,78,130,-26,-293,12188
564,2025-06-12 03:46:00,6060.00,6060.00,6057.00,6057.50,28,55,83,-27,-320,12271
565,2025-06-12 03:47:00,6057.75,6059.50,6057.75,6059.50,31,41,72,-10,-330,12343
566,2025-06-12 03:48:00,6059.25,6060.25,6059.00,6059.75,19,14,33,5,-325,12376
567,2025-06-12 03:49:00,6060.00,6060.00,6058.75,6059.25,33,27,60,6,-319,12436
568,2025-06-12 03:50:00,6059.00,6059.00,6055.25,6055.25,66,115,181,-49,-368,12617
569,2025-06-12 03:51:00,6055.25,6056.50,6053.75,6055.50,53,120,173,-67,-435,12790
570,2025-06-12 03:52:00,6055.25,6056.00,6053.75,6055.00,27,50,77,-23,-458,12867
571,2025-06-12 03:53:00,6055.25,6056.25,6054.75,6055.00,25,24,49,1,-457,12916
572,2025-06-12 03:54:00,6055.00,6055.25,6050.75,6050.75,42,98,140,-56,-513,13056
573,2025-06-12 03:55:00,6050.50,6052.75,6050.00,6052.75,56,313,369,-257,-770,13425
574,2025-06-12 03:56:00,6052.50,6054.00,6051.50,6053.75,21,28,49,-7,-777,13474
575,2025-06-12 03:57:00,6053.00,6053.75,6052.00,6052.00,23,26,49,-3,-780,13523
576,2025-06-12 03:58:00,6052.00,6052.50,6051.00,6052.50,22,26,48,-4,-784,13571
577,2025-06-12 03:59:00,6052.50,6053.00,6051.75,6052.50,25,26,51,-1,-785,13622
578,2025-06-12 04:00:00,6052.25,6053.75,6051.25,6053.00,61,86,147,-25,-810,13769
579,2025-06-12 04:01:00,6053.00,6055.25,6049.25,6049.50,69,144,213,-75,-885,13982
580,2025-06-12 04:02:00,6049.25,6049.50,6045.00,6045.75,99,120,219,-21,-906,14201
581,2025-06-12 04:03:00,6045.25,6046.50,6045.00,6045.25,27,36,63,-9,-915,14264
582,2025-06-12 04:04:00,6045.00,6045.50,6041.25,6042.75,85,120,205,-35,-950,14469
583,2025-06-12 04:05:00,6042.75,6043.25,6040.50,6042.25,100,110,210,-10,-960,14679
584,2025-06-12 04:06:00,6042.50,6043.75,6041.75,6043.75,169,84,253,85,-875,14932
585,2025-06-12 04:07:00,6044.25,6046.75,6044.00,6046.75,84,31,115,53,-822,15047
586,2025-06-12 04:08:00,6046.75,6048.25,6046.50,6047.75,30,20,50,10,-812,15097
587,2025-06-12 04:09:00,6047.25,6048.25,6046.50,6047.75,49,38,87,11,-801,15184
588,2025-06-12 04:10:00,6047.75,6050.50,6047.50,6049.75,35,27,62,8,-793,15246
589,2025-06-12 04:11:00,6049.75,6050.75,6049.00,6050.50,17,17,34,0,-793,15280
590,2025-06-12 04:12:00,6050.25,6051.25,6049.75,6051.00,21,14,35,7,-786,15315
591,2025-06-12 04:13:00,6051.25,6052.25,6050.75,6051.00,43,29,72,14,-772,15387
592,2025-06-12 04:14:00,6050.75,6050.75,6049.75,6050.25,14,19,33,-5,-777,15420
593,2025-06-12 04:15:00,6050.00,6050.25,6049.00,6049.00,13,16,29,-3,-780,15449
594,2025-06-12 04:16:00,6048.75,6050.00,6047.25,6047.25,16,20,36,-4,-784,15485
595,2025-06-12 04:17:00,6047.25,6048.50,6046.25,6047.00,32,41,73,-9,-793,15558
596,2025-06-12 04:18:00,6046.75,6047.25,6045.00,6045.25,36,36,72,0,-793,15630
597,2025-06-12 04:19:00,6045.25,6048.00,6045.25,6048.00,16,23,39,-7,-800,15669
598,2025-06-12 04:20:00,6048.25,6048.75,6047.75,6048.00,23,27,50,-4,-804,15719
599,2025-06-12 04:21:00,6048.25,6050.25,6048.25,6050.00,24,29,53,-5,-809,15772
600,2025-06-12 04:22:00,6050.00,6050.00,6047.50,6047.75,9,21,30,-12,-821,15802
601,2025-06-12 04:23:00,6047.25,6049.00,6047.00,6049.00,17,23,40,-6,-827,15842
602,2025-06-12 04:24:00,6048.25,6048.75,6047.25,6047.25,26,29,55,-3,-830,15897
603,2025-06-12 04:25:00,6047.00,6047.75,6045.50,6045.75,14,23,37,-9,-839,15934
604,2025-06-12 04:26:00,6046.25,6048.25,6046.25,6047.75,43,53,96,-10,-849,16030
605,2025-06-12 04:27:00,6047.75,6048.25,6046.50,6047.00,42,22,64,20,-829,16094
606,2025-06-12 04:28:00,6047.25,6048.50,6047.25,6048.00,13,11,24,2,-827,16118
607,2025-06-12 04:29:00,6047.75,6048.00,6047.25,6047.75,21,18,39,3,-824,16157
608,2025-06-12 04:30:00,6047.75,6048.00,6046.75,6047.50,43,22,65,21,-803,16222
609,2025-06-12 04:31:00,6048.00,6048.00,6045.25,6045.75,22,39,61,-17,-820,16283
610,2025-06-12 04:32:00,6046.00,6046.75,6045.50,6046.00,25,20,45,5,-815,16328
611,2025-06-12 04:33:00,6046.25,6047.25,6046.25,6047.25,7,9,16,-2,-817,16344
612,2025-06-12 04:34:00,6047.50,6047.75,6046.25,6046.25,51,64,115,-13,-830,16459
613,2025-06-12 04:35:00,6046.25,6046.25,6044.50,6044.75,60,59,119,1,-829,16578
614,2025-06-12 04:36:00,6045.00,6045.50,6044.50,6045.00,26,11,37,15,-814,16615
615,2025-06-12 04:37:00,6045.00,6047.00,6045.00,6047.00,12,14,26,-2,-816,16641
616,2025-06-12 04:38:00,6047.25,6047.75,6046.50,6047.00,31,20,51,11,-805,16692
617,2025-06-12 04:39:00,6047.00,6047.50,6046.25,6046.25,15,21,36,-6,-811,16728
618,2025-06-12 04:40:00,6046.75,6049.75,6046.75,6049.50,35,21,56,14,-797,16784
619,2025-06-12 04:41:00,6049.25,6050.50,6049.25,6049.75,18,15,33,3,-794,16817
620,2025-06-12 04:42:00,6050.00,6050.50,6049.25,6050.50,15,18,33,-3,-797,16850
621,2025-06-12 04:43:00,6050.50,6051.75,6050.25,6051.50,21,21,42,0,-797,16892
622,2025-06-12 04:44:00,6051.75,6051.75,6050.50,6050.50,8,10,18,-2,-799,16910
623,2025-06-12 04:45:00,6050.50,6050.50,6049.50,6049.75,6,7,13,-1,-800,16923
624,2025-06-12 04:46:00,6049.75,6051.00,6049.75,6051.00,10,10,20,0,-800,16943
625,2025-06-12 04:47:00,6051.25,6054.00,6051.25,6053.75,74,39,113,35,-765,17056
626,2025-06-12 04:48:00,6053.25,6053.75,6053.25,6053.75,11,11,22,0,-765,17078
627,2025-06-12 04:49:00,6054.25,6055.50,6054.25,6055.25,16,19,35,-3,-768,17113
628,2025-06-12 04:50:00,6055.00,6055.50,6055.00,6055.50,9,8,17,1,-767,17130
629,2025-06-12 04:51:00,6055.75,6056.00,6055.25,6055.50,16,13,29,3,-764,17159
630,2025-06-12 04:52:00,6055.75,6056.25,6055.50,6056.25,4,3,7,1,-763,17166
631,2025-06-12 04:53:00,6056.50,6056.50,6056.00,6056.50,8,6,14,2,-761,17180
632,2025-06-12 04:54:00,6056.50,6057.00,6056.50,6056.50,17,11,28,6,-755,17208
633,2025-06-12 04:55:00,6056.50,6058.25,6056.50,6057.50,44,46,90,-2,-757,17298
634,2025-06-12 04:56:00,6057.50,6057.75,6056.50,6056.75,14,24,38,-10,-767,17336
635,2025-06-12 04:57:00,6057.00,6057.00,6056.50,6056.50,6,12,18,-6,-773,17354
636,2025-06-12 04:58:00,6056.50,6057.00,6056.50,6056.75,14,7,21,7,-766,17375
637,2025-06-12 04:59:00,6056.75,6057.25,6056.75,6057.00,12,4,16,8,-758,17391
638,2025-06-12 05:00:00,6057.25,6057.50,6056.75,6057.00,13,14,27,-1,-759,17418
639,2025-06-12 05:01:00,6057.00,6057.75,6056.75,6057.50,12,13,25,-1,-760,17443
640,2025-06-12 05:02:00,6057.25,6058.50,6056.75,6058.50,6,9,15,-3,-763,17458
641,2025-06-12 05:03:00,6058.00,6059.75,6058.00,6059.50,30,17,47,13,-750,17505
642,2025-06-12 05:04:00,6059.25,6059.25,6057.25,6057.25,12,24,36,-12,-762,17541
643,2025-06-12 05:05:00,6057.25,6058.75,6057.25,6058.25,43,37,80,6,-756,17621
644,2025-06-12 05:06:00,6058.75,6059.00,6058.50,6059.00,17,11,28,6,-750,17649
645,2025-06-12 05:07:00,6059.50,6060.00,6059.50,6059.50,17,9,26,8,-742,17675
646,2025-06-12 05:08:00,6059.25,6059.25,6058.75,6058.75,1,7,8,-6,-748,17683
647,2025-06-12 05:09:00,6059.25,6060.00,6059.25,6059.50,15,11,26,4,-744,17709
648,2025-06-12 05:10:00,6059.75,6060.25,6059.75,6060.25,9,9,18,0,-744,17727
649,2025-06-12 05:11:00,6060.25,6060.25,6059.25,6059.50,8,14,22,-6,-750,17749
650,2025-06-12 05:12:00,6059.50,6059.50,6058.25,6058.50,7,12,19,-5,-755,17768
651,2025-06-12 05:13:00,6058.50,6059.00,6058.50,6059.00,50,17,67,33,-722,17835
652,2025-06-12 05:14:00,6058.75,6058.75,6058.00,6058.00,19,30,49,-11,-733,17884
653,2025-06-12 05:15:00,6058.00,6058.50,6057.25,6058.50,46,9,55,37,-696,17939
654,2025-06-12 05:16:00,6058.25,6059.00,6058.00,6058.00,23,10,33,13,-683,17972
655,2025-06-12 05:17:00,6058.00,6058.00,6057.00,6057.00,18,6,24,12,-671,17996
656,2025-06-12 05:18:00,6057.00,6057.00,6056.25,6056.75,18,17,35,1,-670,18031
657,2025-06-12 05:19:00,6056.50,6057.50,6056.50,6057.50,3,5,8,-2,-672,18039
658,2025-06-12 05:20:00,6057.50,6058.75,6057.50,6058.00,27,22,49,5,-667,18088
659,2025-06-12 05:21:00,6058.25,6058.50,6056.50,6057.50,16,16,32,0,-667,18120
660,2025-06-12 05:22:00,6057.25,6057.50,6056.75,6056.75,3,9,12,-6,-673,18132
661,2025-06-12 05:23:00,6056.75,6057.00,6056.75,6056.75,5,2,7,3,-670,18139
662,2025-06-12 05:24:00,6056.75,6057.00,6056.50,6056.75,11,7,18,4,-666,18157
663,2025-06-12 05:25:00,6056.50,6056.50,6055.50,6055.75,11,11,22,0,-666,18179
664,2025-06-12 05:26:00,6056.25,6056.75,6056.00,6056.75,3,6,9,-3,-669,18188
665,2025-06-12 05:27:00,6056.50,6057.00,6056.25,6056.25,4,9,13,-5,-674,18201
666,2025-06-12 05:28:00,6056.50,6057.00,6054.25,6054.25,15,39,54,-24,-698,18255
667,2025-06-12 05:29:00,6054.00,6057.75,6053.75,6057.50,87,52,139,35,-663,18394
668,2025-06-12 05:30:00,6057.50,6059.50,6057.25,6057.75,29,21,50,8,-655,18444
669,2025-06-12 05:31:00,6058.00,6058.75,6056.25,6058.75,13,18,31,-5,-660,18475
670,2025-06-12 05:32:00,6058.75,6059.00,6058.75,6059.00,6,4,10,2,-658,18485
671,2025-06-12 05:33:00,6059.00,6059.75,6058.50,6059.50,14,7,21,7,-651,18506
672,2025-06-12 05:34:00,6059.25,6060.50,6058.00,6060.50,21,20,41,1,-650,18547
673,2025-06-12 05:35:00,6060.50,6064.00,6060.50,6063.75,73,42,115,31,-619,18662
674,2025-06-12 05:36:00,6063.75,6064.00,6063.25,6063.50,36,34,70,2,-617,18732
675,2025-06-12 05:37:00,6063.25,6063.75,6061.25,6061.75,16,26,42,-10,-627,18774
676,2025-06-12 05:38:00,6061.75,6062.50,6061.25,6062.50,7,3,10,4,-623,18784
677,2025-06-12 05:39:00,6062.00,6062.25,6061.75,6062.00,7,4,11,3,-620,18795
678,2025-06-12 05:40:00,6061.50,6061.50,6058.75,6059.00,25,48,73,-23,-643,18868
679,2025-06-12 05:41:00,6059.25,6059.75,6059.00,6059.75,7,7,14,0,-643,18882
680,2025-06-12 05:42:00,6059.25,6059.25,6057.75,6057.75,11,17,28,-6,-649,18910
681,2025-06-12 05:43:00,6057.50,6058.00,6056.25,6057.75,32,19,51,13,-636,18961
682,2025-06-12 05:44:00,6058.50,6059.00,6058.50,6058.50,9,20,29,-11,-647,18990
683,2025-06-12 05:45:00,6058.75,6060.25,6058.50,6059.75,14,8,22,6,-641,19012
684,2025-06-12 05:46:00,6059.50,6059.75,6057.75,6059.75,31,17,48,14,-627,19060
685,2025-06-12 05:47:00,6059.75,6061.00,6059.50,6060.00,31,14,45,17,-610,19105
686,2025-06-12 05:48:00,6060.00,6060.25,6059.00,6059.00,7,3,10,4,-606,19115
687,2025-06-12 05:49:00,6058.75,6058.75,6057.25,6057.50,62,25,87,37,-569,19202
688,2025-06-12 05:50:00,6057.25,6057.25,6056.25,6057.00,32,22,54,10,-559,19256
689,2025-06-12 05:51:00,6057.00,6057.50,6056.75,6057.25,17,20,37,-3,-562,19293
690,2025-06-12 05:52:00,6057.25,6057.25,6055.25,6055.50,18,18,36,0,-562,19329
691,2025-06-12 05:53:00,6055.25,6056.00,6055.00,6055.75,13,6,19,7,-555,19348
692,2025-06-12 05:54:00,6055.50,6056.75,6055.25,6056.25,16,18,34,-2,-557,19382
693,2025-06-12 05:55:00,6056.00,6056.50,6055.75,6055.75,18,36,54,-18,-575,19436
694,2025-06-12 05:56:00,6056.00,6056.75,6055.75,6056.50,6,8,14,-2,-577,19450
695,2025-06-12 05:57:00,6056.50,6057.00,6056.25,6056.50,13,20,33,-7,-584,19483
696,2025-06-12 05:58:00,6056.25,6057.00,6056.25,6056.75,29,24,53,5,-579,19536
697,2025-06-12 05:59:00,6056.50,6056.50,6055.75,6056.25,5,12,17,-7,-586,19553
698,2025-06-12 06:00:00,6055.75,6056.25,6053.00,6053.75,27,55,82,-28,-614,19635
699,2025-06-12 06:01:00,6053.50,6057.00,6052.75,6057.00,36,24,60,12,-602,19695
700,2025-06-12 06:02:00,6057.25,6057.75,6057.25,6057.50,27,10,37,17,-585,19732
701,2025-06-12 06:03:00,6057.75,6057.75,6057.00,6057.50,14,4,18,10,-575,19750
702,2025-06-12 06:04:00,6057.25,6057.25,6055.25,6055.75,2,9,11,-7,-582,19761
703,2025-06-12 06:05:00,6056.00,6056.00,6055.25,6056.00,2,5,7,-3,-585,19768
704,2025-06-12 06:06:00,6056.00,6056.00,6055.25,6056.00,8,5,13,3,-582,19781
705,2025-06-12 06:07:00,6056.00,6056.00,6054.50,6054.50,4,5,9,-1,-583,19790
706,2025-06-12 06:08:00,6053.75,6054.00,6053.00,6053.25,6,7,13,-1,-584,19803
707,2025-06-12 06:09:00,6053.75,6054.00,6052.75,6053.50,13,10,23,3,-581,19826
708,2025-06-12 06:10:00,6053.50,6054.00,6052.75,6053.00,37,32,69,5,-576,19895
709,2025-06-12 06:11:00,6053.00,6054.25,6053.00,6053.25,18,10,28,8,-568,19923
710,2025-06-12 06:12:00,6053.00,6053.25,6050.50,6051.25,17,30,47,-13,-581,19970
711,2025-06-12 06:13:00,6051.50,6052.00,6050.75,6051.25,15,12,27,3,-578,19997
712,2025-06-12 06:14:00,6052.00,6053.50,6052.00,6053.50,22,6,28,16,-562,20025
713,2025-06-12 06:15:00,6054.50,6056.50,6054.50,6056.50,9,8,17,1,-561,20042
714,2025-06-12 06:16:00,6056.75,6057.00,6056.25,6056.75,7,9,16,-2,-563,20058
715,2025-06-12 06:17:00,6056.50,6057.25,6056.50,6056.75,8,11,19,-3,-566,20077
716,2025-06-12 06:18:00,6057.00,6057.25,6056.25,6056.50,9,11,20,-2,-568,20097
717,2025-06-12 06:19:00,6056.75,6057.25,6056.00,6056.00,14,8,22,6,-562,20119
718,2025-06-12 06:20:00,6055.75,6056.25,6054.75,6054.75,10,9,19,1,-561,20138
719,2025-06-12 06:21:00,6053.50,6053.50,6053.25,6053.50,5,4,9,1,-560,20147
720,2025-06-12 06:22:00,6053.50,6054.00,6052.75,6053.75,14,12,26,2,-558,20173
721,2025-06-12 06:23:00,6053.75,6053.75,6051.25,6051.75,17,26,43,-9,-567,20216
722,2025-06-12 06:24:00,6051.25,6051.25,6048.25,6048.50,14,41,55,-27,-594,20271
723,2025-06-12 06:25:00,6048.75,6048.75,6046.75,6047.50,27,56,83,-29,-623,20354
724,2025-06-12 06:26:00,6047.50,6051.00,6047.50,6051.00,36,31,67,5,-618,20421
725,2025-06-12 06:27:00,6051.25,6051.25,6049.50,6049.50,3,12,15,-9,-627,20436
726,2025-06-12 06:28:00,6049.75,6050.50,6049.50,6050.00,11,10,21,1,-626,20457
727,2025-06-12 06:29:00,6050.00,6050.00,6050.00,6050.00,1,0,1,1,-625,20458
728,2025-06-12 06:30:00,6050.50,6051.75,6050.50,6051.50,13,6,19,7,-618,20477
729,2025-06-12 06:31:00,6051.75,6053.25,6050.25,6051.50,45,26,71,19,-599,20548
730,2025-06-12 06:32:00,6051.50,6051.50,6050.25,6051.00,7,2,9,5,-594,20557
731,2025-06-12 06:33:00,6050.75,6051.00,6049.75,6050.25,7,5,12,2,-592,20569
732,2025-06-12 06:34:00,6050.00,6050.00,6049.25,6049.50,1,5,6,-4,-596,20575
733,2025-06-12 06:35:00,6049.50,6049.50,6048.75,6049.25,4,6,10,-2,-598,20585
734,2025-06-12 06:36:00,6049.25,6049.50,6049.25,6049.50,9,4,13,5,-593,20598
735,2025-06-12 06:37:00,6049.75,6051.75,6049.25,6050.75,20,18,38,2,-591,20636
736,2025-06-12 06:38:00,6051.00,6052.00,6050.75,6051.50,19,28,47,-9,-600,20683
737,2025-06-12 06:39:00,6051.50,6052.25,6050.25,6050.75,19,32,51,-13,-613,20734
738,2025-06-12 06:40:00,6051.00,6051.75,6051.00,6051.75,29,16,45,13,-600,20779
739,2025-06-12 06:41:00,6051.00,6054.50,6051.00,6054.00,17,14,31,3,-597,20810
740,2025-06-12 06:42:00,6054.00,6054.00,6053.25,6053.75,9,5,14,4,-593,20824
741,2025-06-12 06:43:00,6053.75,6054.25,6053.75,6054.25,24,4,28,20,-573,20852
742,2025-06-12 06:44:00,6054.00,6054.25,6053.25,6054.25,16,7,23,9,-564,20875
743,2025-06-12 06:45:00,6054.25,6057.50,6054.00,6057.50,50,30,80,20,-544,20955
744,2025-06-12 06:46:00,6057.00,6057.25,6055.25,6055.25,15,20,35,-5,-549,20990
745,2025-06-12 06:47:00,6055.75,6055.75,6055.25,6055.50,13,12,25,1,-548,21015
746,2025-06-12 06:48:00,6055.75,6056.75,6055.75,6056.50,3,3,6,0,-548,21021
747,2025-06-12 06:49:00,6056.50,6056.50,6056.25,6056.25,1,3,4,-2,-550,21025
748,2025-06-12 06:50:00,6056.25,6057.00,6056.25,6056.75,17,10,27,7,-543,21052
749,2025-06-12 06:51:00,6056.25,6058.00,6055.75,6058.00,23,18,41,5,-538,21093
750,2025-06-12 06:52:00,6058.00,6058.00,6056.50,6056.75,11,12,23,-1,-539,21116
751,2025-06-12 06:53:00,6056.75,6057.00,6056.50,6056.50,5,5,10,0,-539,21126
752,2025-06-12 06:54:00,6056.50,6057.00,6056.00,6057.00,1,5,6,-4,-543,21132
753,2025-06-12 06:55:00,6057.25,6058.25,6055.00,6055.25,61,41,102,20,-523,21234
754,2025-06-12 06:56:00,6055.25,6055.25,6053.50,6053.75,31,30,61,1,-522,21295
755,2025-06-12 06:57:00,6053.75,6054.25,6052.75,6052.75,10,11,21,-1,-523,21316
756,2025-06-12 06:58:00,6053.50,6053.75,6053.00,6053.50,8,13,21,-5,-528,21337
757,2025-06-12 06:59:00,6053.25,6054.00,6053.25,6054.00,7,6,13,1,-527,21350
758,2025-06-12 07:00:00,6053.75,6054.75,6052.75,6053.50,34,50,84,-16,-543,21434
759,2025-06-12 07:01:00,6053.00,6053.50,6052.50,6053.00,16,7,23,9,-534,21457
760,2025-06-12 07:02:00,6053.00,6053.00,6051.75,6051.75,11,14,25,-3,-537,21482
761,2025-06-12 07:03:00,6051.75,6053.50,6051.75,6053.50,12,7,19,5,-532,21501
762,2025-06-12 07:04:00,6053.50,6053.50,6052.50,6052.50,3,5,8,-2,-534,21509
763,2025-06-12 07:05:00,6052.25,6052.25,6049.25,6050.25,44,43,87,1,-533,21596
764,2025-06-12 07:06:00,6051.00,6051.50,6049.25,6050.00,16,25,41,-9,-542,21637
765,2025-06-12 07:07:00,6051.00,6053.00,6051.00,6053.00,9,5,14,4,-538,21651
766,2025-06-12 07:08:00,6053.50,6053.75,6053.25,6053.50,3,9,12,-6,-544,21663
767,2025-06-12 07:09:00,6053.50,6054.25,6053.50,6054.00,8,3,11,5,-539,21674
768,2025-06-12 07:10:00,6054.25,6054.75,6054.00,6054.00,11,7,18,4,-535,21692
769,2025-06-12 07:11:00,6053.50,6054.00,6052.25,6054.00,25,17,42,8,-527,21734
770,2025-06-12 07:12:00,6054.00,6055.00,6052.50,6053.25,52,44,96,8,-519,21830
771,2025-06-12 07:13:00,6053.00,6053.00,6052.50,6052.75,4,6,10,-2,-521,21840
772,2025-06-12 07:14:00,6052.75,6052.75,6051.00,6051.25,12,34,46,-22,-543,21886
773,2025-06-12 07:15:00,6050.50,6051.00,6049.75,6051.00,21,14,35,7,-536,21921
774,2025-06-12 07:16:00,6051.25,6051.75,6049.50,6050.00,9,20,29,-11,-547,21950
775,2025-06-12 07:17:00,6050.00,6050.25,6049.75,6049.75,5,11,16,-6,-553,21966
776,2025-06-12 07:18:00,6050.00,6050.75,6049.50,6050.75,15,6,21,9,-544,21987
777,2025-06-12 07:19:00,6050.50,6051.25,6050.50,6051.25,11,3,14,8,-536,22001
778,2025-06-12 07:20:00,6051.25,6052.00,6050.25,6051.25,13,30,43,-17,-553,22044
779,2025-06-12 07:21:00,6051.00,6051.50,6051.00,6051.50,6,5,11,1,-552,22055
780,2025-06-12 07:22:00,6051.25,6051.50,6050.25,6050.50,11,14,25,-3,-555,22080
781,2025-06-12 07:23:00,6050.50,6051.00,6050.25,6051.00,9,3,12,6,-549,22092
782,2025-06-12 07:24:00,6050.75,6051.25,6050.75,6051.25,7,4,11,3,-546,22103
783,2025-06-12 07:25:00,6051.25,6051.25,6050.00,6050.50,9,14,23,-5,-551,22126
784,2025-06-12 07:26:00,6051.00,6051.75,6051.00,6051.00,8,5,13,3,-548,22139
785,2025-06-12 07:27:00,6051.25,6051.75,6051.00,6051.25,14,11,25,3,-545,22164
786,2025-06-12 07:28:00,6050.75,6050.75,6049.00,6049.25,27,22,49,5,-540,22213
787,2025-06-12 07:29:00,6048.75,6049.00,6047.50,6049.00,19,22,41,-3,-543,22254
788,2025-06-12 07:30:00,6048.50,6048.50,6045.50,6046.00,57,68,125,-11,-554,22379
789,2025-06-12 07:31:00,6046.00,6048.25,6045.75,6048.25,26,22,48,4,-550,22427
790,2025-06-12 07:32:00,6048.25,6049.50,6047.00,6048.50,22,41,63,-19,-569,22490
791,2025-06-12 07:33:00,6048.25,6050.25,6048.25,6049.00,18,22,40,-4,-573,22530
792,2025-06-12 07:34:00,6048.75,6049.25,6048.25,6049.00,5,7,12,-2,-575,22542
793,2025-06-12 07:35:00,6049.50,6049.75,6048.00,6049.00,7,17,24,-10,-585,22566
794,2025-06-12 07:36:00,6049.00,6049.00,6047.75,6047.75,11,15,26,-4,-589,22592
795,2025-06-12 07:37:00,6048.50,6048.75,6047.25,6047.25,8,9,17,-1,-590,22609
796,2025-06-12 07:38:00,6047.25,6047.25,6045.00,6046.50,42,44,86,-2,-592,22695
797,2025-06-12 07:39:00,6047.00,6047.50,6046.50,6047.25,11,19,30,-8,-600,22725
798,2025-06-12 07:40:00,6047.25,6048.50,6046.75,6048.50,9,18,27,-9,-609,22752
799,2025-06-12 07:41:00,6048.50,6049.50,6048.00,6049.50,17,27,44,-10,-619,22796
800,2025-06-12 07:42:00,6049.00,6049.25,6048.75,6049.25,3,18,21,-15,-634,22817
801,2025-06-12 07:43:00,6049.75,6049.75,6049.00,6049.75,7,6,13,1,-633,22830
802,2025-06-12 07:44:00,6049.50,6050.50,6049.50,6050.25,15,7,22,8,-625,22852
803,2025-06-12 07:45:00,6050.25,6051.00,6050.00,6051.00,25,9,34,16,-609,22886
804,2025-06-12 07:46:00,6051.25,6051.75,6050.75,6050.75,10,8,18,2,-607,22904
805,2025-06-12 07:47:00,6051.00,6051.25,6049.75,6049.75,6,5,11,1,-606,22915
806,2025-06-12 07:48:00,6049.50,6050.50,6048.75,6050.00,8,13,21,-5,-611,22936
807,2025-06-12 07:49:00,6049.75,6051.25,6049.75,6050.50,6,5,11,1,-610,22947
808,2025-06-12 07:50:00,6050.50,6051.25,6050.00,6050.00,13,17,30,-4,-614,22977
809,2025-06-12 07:51:00,6049.50,6050.25,6046.50,6046.50,14,29,43,-15,-629,23020
810,2025-06-12 07:52:00,6046.00,6046.00,6045.00,6045.50,7,19,26,-12,-641,23046
811,2025-06-12 07:53:00,6045.50,6046.75,6044.75,6045.25,20,12,32,8,-633,23078
812,2025-06-12 07:54:00,6045.00,6046.00,6045.00,6046.00,9,7,16,2,-631,23094
813,2025-06-12 07:55:00,6046.00,6046.25,6045.75,6045.75,9,8,17,1,-630,23111
814,2025-06-12 07:56:00,6045.50,6045.50,6043.00,6043.25,15,41,56,-26,-656,23167
815,2025-06-12 07:57:00,6043.50,6044.00,6043.00,6043.00,15,14,29,1,-655,23196
816,2025-06-12 07:58:00,6043.50,6044.25,6043.50,6044.00,1,5,6,-4,-659,23202
817,2025-06-12 07:59:00,6043.75,6044.50,6043.00,6044.50,13,4,17,9,-650,23219
818,2025-06-12 08:00:00,6044.00,6045.50,6044.00,6044.75,12,25,37,-13,-663,23256
819,2025-06-12 08:01:00,6045.00,6046.25,6045.00,6046.25,12,19,31,-7,-670,23287
820,2025-06-12 08:02:00,6046.00,6046.25,6045.25,6045.50,19,24,43,-5,-675,23330
821,2025-06-12 08:03:00,6045.75,6046.50,6045.50,6046.25,15,18,33,-3,-678,23363
822,2025-06-12 08:04:00,6046.00,6047.00,6045.50,6046.00,20,12,32,8,-670,23395
823,2025-06-12 08:05:00,6045.75,6046.50,6045.50,6046.25,24,13,37,11,-659,23432
824,2025-06-12 08:06:00,6046.00,6047.00,6045.75,6047.00,19,17,36,2,-657,23468
825,2025-06-12 08:07:00,6047.25,6047.75,6047.25,6047.25,11,10,21,1,-656,23489
826,2025-06-12 08:08:00,6047.25,6047.50,6047.00,6047.25,5,13,18,-8,-664,23507
827,2025-06-12 08:09:00,6047.50,6048.25,6047.00,6048.25,8,5,13,3,-661,23520
828,2025-06-12 08:10:00,6048.25,6048.50,6047.25,6048.25,20,18,38,2,-659,23558
829,2025-06-12 08:11:00,6048.00,6050.00,6048.00,6049.25,15,19,34,-4,-663,23592
830,2025-06-12 08:12:00,6049.25,6049.25,6048.50,6049.25,23,10,33,13,-650,23625
831,2025-06-12 08:13:00,6049.25,6051.75,6049.25,6050.50,33,33,66,0,-650,23691
832,2025-06-12 08:14:00,6050.50,6051.25,6050.50,6050.75,16,24,40,-8,-658,23731
833,2025-06-12 08:15:00,6050.00,6050.25,6049.50,6049.75,8,5,13,3,-655,23744
834,2025-06-12 08:16:00,6049.50,6049.75,6048.75,6049.00,9,13,22,-4,-659,23766
835,2025-06-12 08:17:00,6049.00,6050.00,6048.50,6049.00,21,8,29,13,-646,23795
836,2025-06-12 08:18:00,6049.25,6049.50,6048.75,6049.50,10,6,16,4,-642,23811
837,2025-06-12 08:19:00,6049.25,6050.75,6049.25,6050.00,15,11,26,4,-638,23837
838,2025-06-12 08:20:00,6050.00,6050.00,6048.50,6048.50,9,11,20,-2,-640,23857
839,2025-06-12 08:21:00,6049.00,6050.00,6049.00,6050.00,8,6,14,2,-638,23871
840,2025-06-12 08:22:00,6050.25,6050.25,6049.50,6049.75,16,17,33,-1,-639,23904
841,2025-06-12 08:23:00,6049.75,6050.00,6049.00,6049.25,4,9,13,-5,-644,23917
842,2025-06-12 08:24:00,6049.00,6050.00,6049.00,6050.00,18,13,31,5,-639,23948
843,2025-06-12 08:25:00,6050.00,6050.25,6049.00,6049.50,12,20,32,-8,-647,23980
844,2025-06-12 08:26:00,6049.50,6049.50,6047.75,6048.00,32,30,62,2,-645,24042
845,2025-06-12 08:27:00,6048.00,6048.25,6046.75,6046.75,6,10,16,-4,-649,24058
846,2025-06-12 08:28:00,6047.00,6048.00,6047.00,6048.00,9,0,9,9,-640,24067
847,2025-06-12 08:29:00,6048.00,6049.00,6047.25,6047.25,5,8,13,-3,-643,24080
848,2025-06-12 08:30:00,6051.00,6057.50,6044.50,6050.00,173,116,289,57,-586,24369
849,2025-06-12 08:31:00,6051.00,6053.00,6049.50,6050.50,74,34,108,40,-546,24477
850,2025-06-12 08:32:00,6050.25,6056.00,6050.25,6055.25,67,36,103,31,-515,24580
851,2025-06-12 08:33:00,6055.75,6055.75,6052.75,6053.25,27,35,62,-8,-523,24642
852,2025-06-12 08:34:00,6053.50,6056.25,6053.25,6055.25,29,19,48,10,-513,24690
853,2025-06-12 08:35:00,6055.00,6057.50,6055.00,6056.00,92,62,154,30,-483,24844
854,2025-06-12 08:36:00,6056.00,6061.25,6055.75,6060.75,67,22,89,45,-438,24933
855,2025-06-12 08:37:00,6060.75,6061.75,6058.75,6060.75,34,42,76,-8,-446,25009
856,2025-06-12 08:38:00,6060.25,6063.00,6059.25,6060.50,46,44,90,2,-444,25099
857,2025-06-12 08:39:00,6060.50,6062.75,6060.25,6062.50,25,22,47,3,-441,25146
858,2025-06-12 08:40:00,6062.75,6064.00,6061.75,6062.50,41,22,63,19,-422,25209
859,2025-06-12 08:41:00,6062.00,6065.25,6061.75,6064.50,32,26,58,6,-416,25267
860,2025-06-12 08:42:00,6064.75,6065.50,6063.00,6063.75,17,43,60,-26,-442,25327
861,2025-06-12 08:43:00,6063.50,6064.25,6062.75,6064.00,22,13,35,9,-433,25362
862,2025-06-12 08:44:00,6063.75,6065.00,6063.25,6065.00,11,11,22,0,-433,25384
863,2025-06-12 08:45:00,6065.25,6066.00,6064.25,6065.75,17,13,30,4,-429,25414
864,2025-06-12 08:46:00,6065.25,6065.50,6062.50,6063.00,15,18,33,-3,-432,25447
865,2025-06-12 08:47:00,6063.25,6065.50,6063.25,6064.75,18,14,32,4,-428,25479
866,2025-06-12 08:48:00,6064.75,6067.25,6064.75,6065.75,24,24,48,0,-428,25527
867,2025-06-12 08:49:00,6065.50,6065.50,6064.25,6064.75,13,12,25,1,-427,25552
868,2025-06-12 08:50:00,6064.50,6064.50,6063.00,6063.50,4,12,16,-8,-435,25568
869,2025-06-12 08:51:00,6063.25,6064.25,6062.50,6062.75,7,12,19,-5,-440,25587
870,2025-06-12 08:52:00,6062.50,6063.75,6062.25,6063.00,21,16,37,5,-435,25624
871,2025-06-12 08:53:00,6063.00,6065.00,6063.00,6064.50,23,9,32,14,-421,25656
872,2025-06-12 08:54:00,6064.50,6065.25,6064.00,6064.25,9,9,18,0,-421,25674
873,2025-06-12 08:55:00,6064.25,6068.00,6064.25,6066.50,27,28,55,-1,-422,25729
874,2025-06-12 08:56:00,6066.00,6066.75,6066.00,6066.75,8,6,14,2,-420,25743
875,2025-06-12 08:57:00,6066.25,6066.75,6065.75,6066.50,10,11,21,-1,-421,25764
876,2025-06-12 08:58:00,6066.50,6068.00,6066.50,6067.50,18,11,29,7,-414,25793
877,2025-06-12 08:59:00,6067.75,6068.25,6066.50,6066.50,18,17,35,1,-413,25828
878,2025-06-12 09:00:00,6066.75,6068.00,6065.75,6067.00,26,29,55,-3,-416,25883
879,2025-06-12 09:01:00,6066.75,6067.25,6066.25,6066.50,12,11,23,1,-415,25906
880,2025-06-12 09:02:00,6066.75,6075.25,6066.75,6068.75,153,111,264,42,-373,26170
881,2025-06-12 09:03:00,6069.00,6071.25,6067.50,6068.50,83,119,202,-36,-409,26372
882,2025-06-12 09:04:00,6069.00,6069.25,6068.00,6068.00,33,35,68,-2,-411,26440
883,2025-06-12 09:05:00,6067.75,6068.00,6066.25,6066.25,15,15,30,0,-411,26470
884,2025-06-12 09:06:00,6066.25,6066.25,6064.50,6065.00,14,16,30,-2,-413,26500
885,2025-06-12 09:07:00,6065.50,6066.00,6065.00,6066.00,6,9,15,-3,-416,26515
886,2025-06-12 09:08:00,6066.00,6066.25,6064.75,6065.25,5,7,12,-2,-418,26527
887,2025-06-12 09:09:00,6065.75,6067.25,6065.25,6067.25,8,11,19,-3,-421,26546
888,2025-06-12 09:10:00,6067.75,6068.00,6066.25,6066.50,9,5,14,4,-417,26560
889,2025-06-12 09:11:00,6067.25,6068.00,6067.25,6067.75,7,14,21,-7,-424,26581
890,2025-06-12 09:12:00,6067.75,6068.00,6067.50,6067.50,9,9,18,0,-424,26599
891,2025-06-12 09:13:00,6067.50,6067.75,6067.25,6067.25,7,4,11,3,-421,26610
892,2025-06-12 09:14:00,6067.25,6067.50,6066.25,6066.50,9,25,34,-16,-437,26644
893,2025-06-12 09:15:00,6066.75,6067.00,6066.00,6066.00,7,12,19,-5,-442,26663
894,2025-06-12 09:16:00,6065.75,6066.50,6065.50,6066.50,11,18,29,-7,-449,26692
895,2025-06-12 09:17:00,6066.00,6067.50,6066.00,6067.50,9,8,17,1,-448,26709
896,2025-06-12 09:18:00,6067.50,6067.50,6066.75,6067.25,4,14,18,-10,-458,26727
897,2025-06-12 09:19:00,6067.25,6068.00,6067.25,6067.75,12,13,25,-1,-459,26752
898,2025-06-12 09:20:00,6067.75,6067.75,6065.75,6066.00,10,16,26,-6,-465,26778
899,2025-06-12 09:21:00,6066.25,6066.50,6065.50,6066.25,9,8,17,1,-464,26795
900,2025-06-12 09:22:00,6066.25,6067.00,6066.25,6066.75,5,4,9,1,-463,26804
901,2025-06-12 09:23:00,6066.75,6066.75,6066.25,6066.25,5,6,11,-1,-464,26815
902,2025-06-12 09:24:00,6066.00,6067.25,6065.50,6066.50,15,41,56,-26,-490,26871
903,2025-06-12 09:25:00,6066.50,6067.75,6065.75,6066.25,55,54,109,1,-489,26980
904,2025-06-12 09:26:00,6067.00,6067.25,6066.25,6066.75,13,20,33,-7,-496,27013
905,2025-06-12 09:27:00,6066.75,6067.00,6066.25,6066.50,17,11,28,6,-490,27041
906,2025-06-12 09:28:00,6066.75,6067.25,6066.25,6066.50,40,44,84,-4,-494,27125
907,2025-06-12 09:29:00,6066.50,6068.25,6065.75,6066.25,49,67,116,-18,-512,27241
908,2025-06-12 09:30:00,6067.00,6073.25,6065.25,6070.75,298,405,703,-107,-619,27944
909,2025-06-12 09:31:00,6070.50,6070.50,6065.75,6066.75,361,252,613,109,-510,28557
910,2025-06-12 09:32:00,6066.75,6066.75,6063.25,6063.75,104,160,264,-56,-566,28821
911,2025-06-12 09:33:00,6063.75,6067.00,6063.00,6065.00,104,202,306,-98,-664,29127
912,2025-06-12 09:34:00,6065.50,6067.50,6063.50,6064.00,80,136,216,-56,-720,29343
913,2025-06-12 09:35:00,6064.25,6065.75,6063.00,6064.50,219,448,667,-229,-949,30010
914,2025-06-12 09:36:00,6064.50,6064.75,6061.75,6063.00,130,192,322,-62,-1011,30332
915,2025-06-12 09:37:00,6063.25,6065.75,6062.50,6064.75,104,134,238,-30,-1041,30570
916,2025-06-12 09:38:00,6064.50,6071.00,6064.00,6069.50,138,163,301,-25,-1066,30871
917,2025-06-12 09:39:00,6070.00,6072.00,6069.25,6070.00,91,73,164,18,-1048,31035
918,2025-06-12 09:40:00,6070.00,6072.50,6070.00,6071.25,118,95,213,23,-1025,31248
919,2025-06-12 09:41:00,6071.25,6072.25,6069.25,6071.75,83,76,159,7,-1018,31407
920,2025-06-12 09:42:00,6071.75,6072.50,6070.75,6072.50,66,68,134,-2,-1020,31541
921,2025-06-12 09:43:00,6072.25,6075.00,6072.25,6074.25,124,130,254,-6,-1026,31795
922,2025-06-12 09:44:00,6074.00,6074.00,6072.25,6073.75,95,85,180,10,-1016,31975
923,2025-06-12 09:45:00,6073.50,6074.25,6070.75,6071.00,149,115,264,34,-982,32239
924,2025-06-12 09:46:00,6071.00,6073.25,6071.00,6072.25,59,64,123,-5,-987,32362
925,2025-06-12 09:47:00,6072.25,6073.25,6071.50,6072.25,33,49,82,-16,-1003,32444
926,2025-06-12 09:48:00,6072.25,6074.50,6071.50,6074.00,86,72,158,14,-989,32602
927,2025-06-12 09:49:00,6074.00,6076.25,6073.50,6075.75,85,49,134,36,-953,32736
928,2025-06-12 09:50:00,6075.75,6077.50,6074.00,6074.75,133,87,220,46,-907,32956
929,2025-06-12 09:51:00,6074.75,6075.50,6073.25,6075.00,103,141,244,-38,-945,33200
930,2025-06-12 09:52:00,6075.25,6078.50,6074.75,6078.50,106,140,246,-34,-979,33446
931,2025-06-12 09:53:00,6078.50,6078.50,6077.00,6077.50,78,121,199,-43,-1022,33645
932,2025-06-12 09:54:00,6077.75,6079.25,6077.25,6077.75,126,80,206,46,-976,33851
933,2025-06-12 09:55:00,6077.00,6077.00,6070.25,6071.75,137,135,272,2,-974,34123
934,2025-06-12 09:56:00,6071.75,6075.50,6071.50,6075.50,56,65,121,-9,-983,34244
935,2025-06-12 09:57:00,6075.50,6076.00,6075.00,6075.00,62,138,200,-76,-1059,34444
936,2025-06-12 09:58:00,6075.00,6075.00,6071.50,6073.25,39,76,115,-37,-1096,34559
937,2025-06-12 09:59:00,6073.00,6074.75,6073.00,6074.25,38,52,90,-14,-1110,34649
938,2025-06-12 10:00:00,6074.25,6075.75,6073.00,6074.00,84,92,176,-8,-1118,34825
939,2025-06-12 10:01:00,6074.25,6077.00,6074.25,6076.50,56,84,140,-28,-1146,34965
940,2025-06-12 10:02:00,6076.50,6077.75,6075.75,6075.75,51,53,104,-2,-1148,35069
941,2025-06-12 10:03:00,6075.50,6076.50,6073.75,6074.50,42,65,107,-23,-1171,35176
942,2025-06-12 10:04:00,6074.50,6076.00,6073.50,6075.50,43,54,97,-11,-1182,35273
943,2025-06-12 10:05:00,6075.75,6077.00,6074.50,6075.25,56,73,129,-17,-1199,35402
944,2025-06-12 10:06:00,6075.25,6076.75,6074.25,6076.75,35,87,122,-52,-1251,35524
945,2025-06-12 10:07:00,6076.75,6083.25,6076.75,6081.25,348,312,660,36,-1215,36184
946,2025-06-12 10:08:00,6081.25,6082.50,6079.25,6082.25,104,90,194,14,-1201,36378
947,2025-06-12 10:09:00,6082.00,6082.25,6080.25,6081.00,61,52,113,9,-1192,36491
948,2025-06-12 10:10:00,6081.50,6082.25,6080.75,6081.25,65,72,137,-7,-1199,36628
949,2025-06-12 10:11:00,6081.25,6081.75,6080.75,6081.00,45,57,102,-12,-1211,36730
950,2025-06-12 10:12:00,6081.25,6083.50,6081.25,6082.00,86,60,146,26,-1185,36876
951,2025-06-12 10:13:00,6082.25,6083.25,6082.00,6082.75,41,95,136,-54,-1239,37012
952,2025-06-12 10:14:00,6082.75,6086.25,6082.75,6085.50,198,60,258,138,-1101,37270
953,2025-06-12 10:15:00,6085.50,6087.25,6085.25,6086.50,69,49,118,20,-1081,37388
954,2025-06-12 10:16:00,6086.00,6087.00,6084.75,6086.25,111,76,187,35,-1046,37575
955,2025-06-12 10:17:00,6086.25,6090.50,6086.25,6089.50,116,24,140,92,-954,37715
956,2025-06-12 10:18:00,6089.75,6090.25,6087.25,6088.00,104,73,177,31,-923,37892
957,2025-06-12 10:19:00,6088.00,6089.50,6088.00,6089.00,162,101,263,61,-862,38155
958,2025-06-12 10:20:00,6089.00,6090.00,6089.00,6089.00,70,33,103,37,-825,38258
959,2025-06-12 10:21:00,6089.00,6089.75,6087.50,6088.75,69,58,127,11,-814,38385
960,2025-06-12 10:22:00,6089.25,6089.50,6088.50,6089.25,46,34,80,12,-802,38465
961,2025-06-12 10:23:00,6089.25,6091.50,6089.25,6090.25,78,33,111,45,-757,38576
962,2025-06-12 10:24:00,6090.25,6090.25,6089.00,6089.50,43,62,105,-19,-776,38681
963,2025-06-12 10:25:00,6089.50,6089.50,6086.75,6087.75,124,146,270,-22,-798,38951
964,2025-06-12 10:26:00,6088.00,6091.25,6087.75,6091.25,104,64,168,40,-758,39119
965,2025-06-12 10:27:00,6091.25,6092.75,6091.25,6092.25,132,54,186,78,-680,39305
966,2025-06-12 10:28:00,6092.25,6093.50,6090.50,6092.75,140,90,230,50,-630,39535
967,2025-06-12 10:29:00,6092.75,6093.00,6091.25,6091.75,83,104,187,-21,-651,39722
968,2025-06-12 10:30:00,6092.00,6092.75,6091.00,6092.50,108,94,202,14,-637,39924
969,2025-06-12 10:31:00,6092.50,6093.75,6092.00,6092.25,78,42,120,36,-601,40044
970,2025-06-12 10:32:00,6092.50,6092.50,6090.50,6091.75,73,59,132,14,-587,40176
971,2025-06-12 10:33:00,6091.75,6093.25,6091.25,6093.00,69,39,108,30,-557,40284
972,2025-06-12 10:34:00,6093.25,6094.25,6093.00,6093.00,80,54,134,26,-531,40418
973,2025-06-12 10:35:00,6092.75,6093.25,6091.75,6092.00,54,61,115,-7,-538,40533
974,2025-06-12 10:36:00,6092.00,6093.25,6091.50,6093.25,48,55,103,-7,-545,40636
975,2025-06-12 10:37:00,6093.25,6097.75,6093.25,6097.00,231,134,365,97,-448,41001
976,2025-06-12 10:38:00,6097.00,6097.25,6095.50,6096.25,62,46,108,16,-432,41109
977,2025-06-12 10:39:00,6096.00,6096.25,6095.75,6096.00,38,17,55,21,-411,41164
978,2025-06-12 10:40:00,6096.25,6098.25,6096.25,6097.50,106,97,203,9,-402,41367
979,2025-06-12 10:41:00,6097.75,6098.00,6096.50,6096.75,56,54,110,2,-400,41477
980,2025-06-12 10:42:00,6097.00,6097.50,6095.75,6095.75,62,55,117,7,-393,41594
981,2025-06-12 10:43:00,6096.00,6097.50,6096.00,6097.25,50,23,73,27,-366,41667
982,2025-06-12 10:44:00,6097.00,6097.25,6096.00,6096.50,20,19,39,1,-365,41706
983,2025-06-12 10:45:00,6096.50,6097.00,6096.00,6097.00,58,32,90,26,-339,41796
984,2025-06-12 10:46:00,6097.00,6097.50,6096.75,6097.00,33,8,41,25,-314,41837
985,2025-06-12 10:47:00,6096.75,6098.00,6096.75,6098.00,56,30,86,26,-288,41923
986,2025-06-12 10:48:00,6098.25,6098.25,6097.00,6097.00,59,63,122,-4,-292,42045
987,2025-06-12 10:49:00,6097.50,6097.50,6097.00,6097.50,21,34,55,-13,-305,42100
988,2025-06-12 10:50:00,6097.50,6097.50,6095.25,6097.00,55,110,165,-55,-360,42265
989,2025-06-12 10:51:00,6097.25,6097.25,6095.00,6095.25,53,64,117,-11,-371,42382
990,2025-06-12 10:52:00,6095.50,6096.25,6095.25,6095.75,60,56,116,4,-367,42498
991,2025-06-12 10:53:00,6095.75,6096.25,6095.25,6096.00,45,52,97,-7,-374,42595
992,2025-06-12 10:54:00,6096.25,6096.50,6095.00,6095.25,60,63,123,-3,-377,42718
993,2025-06-12 10:55:00,6095.50,6096.00,6095.25,6096.00,23,35,58,-12,-389,42776
994,2025-06-12 10:56:00,6096.00,6096.00,6095.25,6095.50,38,45,83,-7,-396,42859
995,2025-06-12 10:57:00,6095.75,6096.00,6094.00,6094.25,54,54,108,0,-396,42967
996,2025-06-12 10:58:00,6094.50,6095.50,6093.50,6093.75,53,84,137,-31,-427,43104
997,2025-06-12 10:59:00,6093.75,6093.75,6092.75,6093.50,73,83,156,-10,-437,43260
998,2025-06-12 11:00:00,6093.50,6096.00,6093.50,6095.75,80,103,183,-23,-460,43443
999,2025-06-12 11:01:00,6095.75,6100.00,6095.25,6098.50,218,92,310,126,-334,43753
1000,2025-06-12 11:02:00,6098.50,6103.25,6098.00,6102.00,575,165,740,410,76,44493
1001,2025-06-12 11:03:00,6102.50,6103.50,6100.00,6100.50,180,164,344,16,92,44837
1002,2025-06-12 11:04:00,6100.75,6102.25,6100.50,6101.75,83,64,147,19,111,44984
1003,2025-06-12 11:05:00,6101.75,6102.00,6100.50,6101.50,77,66,143,11,122,45127
1004,2025-06-12 11:06:00,6101.25,6102.00,6100.50,6101.00,51,43,94,8,130,45221
1005,2025-06-12 11:07:00,6100.75,6101.00,6098.00,6098.75,49,96,145,-47,83,45366
1006,2025-06-12 11:08:00,6098.50,6099.75,6098.50,6099.25,36,29,65,7,90,45431
1007,2025-06-12 11:09:00,6099.00,6099.50,6098.25,6099.00,59,47,106,12,102,45537
1008,2025-06-12 11:10:00,6098.75,6098.75,6096.50,6098.25,89,68,157,21,123,45694
1009,2025-06-12 11:11:00,6098.25,6099.00,6097.75,6098.50,65,29,94,36,159,45788
1010,2025-06-12 11:12:00,6098.75,6099.50,6098.50,6098.50,58,27,85,31,190,45873
1011,2025-06-12 11:13:00,6098.50,6098.75,6097.00,6098.00,41,29,70,12,202,45943
1012,2025-06-12 11:14:00,6097.75,6099.50,6097.00,6098.50,68,40,108,28,230,46051
1013,2025-06-12 11:15:00,6098.75,6100.00,6098.25,6099.50,62,53,115,9,239,46166
1014,2025-06-12 11:16:00,6099.75,6099.75,6096.50,6097.00,58,59,117,-1,238,46283
1015,2025-06-12 11:17:00,6097.25,6097.25,6092.75,6094.00,186,269,455,-83,155,46738
1016,2025-06-12 11:18:00,6094.00,6095.50,6091.25,6092.00,272,285,557,-13,142,47295
1017,2025-06-12 11:19:00,6091.75,6094.75,6091.25,6093.25,147,167,314,-20,122,47609
1018,2025-06-12 11:20:00,6093.25,6094.25,6092.25,6094.25,105,67,172,38,160,47781
1019,2025-06-12 11:21:00,6093.75,6093.75,6092.00,6092.75,71,55,126,16,176,47907
1020,2025-06-12 11:22:00,6093.00,6093.00,6087.00,6088.25,173,321,494,-148,28,48401
1021,2025-06-12 11:23:00,6088.25,6090.75,6082.25,6090.75,730,786,1516,-56,-28,49917
1022,2025-06-12 11:24:00,6090.50,6091.00,6086.00,6086.50,218,247,465,-29,-57,50382
1023,2025-06-12 11:25:00,6086.00,6087.25,6083.75,6087.25,149,204,353,-55,-112,50735
1024,2025-06-12 11:26:00,6087.25,6088.50,6086.25,6088.25,84,60,144,24,-88,50879
1025,2025-06-12 11:27:00,6088.50,6088.50,6084.25,6085.00,96,107,203,-11,-99,51082
1026,2025-06-12 11:28:00,6084.75,6088.00,6084.00,6087.75,120,78,198,42,-57,51280
1027,2025-06-12 11:29:00,6088.00,6091.75,6087.75,6091.00,154,69,223,85,28,51503
1028,2025-06-12 11:30:00,6091.25,6092.75,6089.75,6092.25,162,128,290,34,62,51793
1029,2025-06-12 11:31:00,6092.50,6092.50,6090.00,6090.25,82,78,160,4,66,51953
1030,2025-06-12 11:32:00,6090.25,6091.50,6086.50,6086.50,71,80,151,-9,57,52104
1031,2025-06-12 11:33:00,6086.75,6089.00,6086.75,6088.25,71,78,149,-7,50,52253
1032,2025-06-12 11:34:00,6088.00,6090.00,6086.75,6089.25,70,69,139,1,51,52392
1033,2025-06-12 11:35:00,6089.50,6091.50,6089.50,6090.50,39,33,72,6,57,52464
1034,2025-06-12 11:36:00,6091.00,6092.00,6089.75,6089.75,30,34,64,-4,53,52528
1035,2025-06-12 11:37:00,6090.00,6090.00,6087.50,6088.25,50,55,105,-5,48,52633
1036,2025-06-12 11:38:00,6088.25,6088.75,6087.00,6088.50,32,36,68,-4,44,52701
1037,2025-06-12 11:39:00,6088.75,6089.25,6087.25,6088.00,68,78,146,-10,34,52847
1038,2025-06-12 11:40:00,6088.50,6089.25,6087.50,6088.50,23,32,55,-9,25,52902
1039,2025-06-12 11:41:00,6088.75,6091.50,6088.75,6091.50,37,11,48,26,51,52950
1040,2025-06-12 11:42:00,6091.50,6091.75,6089.00,6089.25,69,31,100,38,89,53050
1041,2025-06-12 11:43:00,6089.50,6091.25,6089.50,6090.75,36,12,48,24,113,53098
1042,2025-06-12 11:44:00,6091.00,6091.25,6090.25,6090.50,44,20,64,24,137,53162
1043,2025-06-12 11:45:00,6090.50,6090.50,6086.75,6087.00,94,52,146,42,179,53308
1044,2025-06-12 11:46:00,6087.25,6088.75,6087.00,6087.00,42,43,85,-1,178,53393
1045,2025-06-12 11:47:00,6087.00,6087.50,6086.00,6087.25,55,44,99,11,189,53492
1046,2025-06-12 11:48:00,6087.00,6087.25,6085.25,6086.25,45,52,97,-7,182,53589
1047,2025-06-12 11:49:00,6086.00,6087.50,6086.00,6086.50,61,39,100,22,204,53689
1048,2025-06-12 11:50:00,6087.00,6087.25,6084.00,6084.25,144,75,219,69,273,53908
1049,2025-06-12 11:51:00,6084.25,6086.75,6084.00,6086.50,80,40,120,40,313,54028
1050,2025-06-12 11:52:00,6086.75,6088.75,6086.75,6088.25,77,101,178,-24,289,54206
1051,2025-06-12 11:53:00,6088.25,6088.50,6086.75,6087.25,54,63,117,-9,280,54323
1052,2025-06-12 11:54:00,6087.25,6089.25,6086.75,6089.25,40,33,73,7,287,54396
1053,2025-06-12 11:55:00,6089.50,6089.75,6088.75,6089.75,19,12,31,7,294,54427
1054,2025-06-12 11:56:00,6089.75,6091.50,6089.75,6090.25,36,13,49,23,317,54476
1055,2025-06-12 11:57:00,6090.00,6090.00,6088.00,6088.50,18,30,48,-12,305,54524
1056,2025-06-12 11:58:00,6088.75,6091.50,6088.75,6091.50,26,16,42,10,315,54566
1057,2025-06-12 11:59:00,6091.25,6092.25,6091.00,6091.25,45,24,69,21,336,54635
1058,2025-06-12 12:00:00,6091.50,6093.75,6090.00,6093.25,135,72,207,63,399,54842
1059,2025-06-12 12:01:00,6093.50,6095.00,6093.50,6094.00,67,47,114,20,419,54956
1060,2025-06-12 12:02:00,6094.00,6094.50,6092.75,6093.00,37,58,95,-21,398,55051
1061,2025-06-12 12:03:00,6093.00,6093.50,6090.50,6091.25,73,113,186,-40,358,55237
1062,2025-06-12 12:04:00,6091.00,6091.25,6085.75,6088.00,81,102,183,-21,337,55420
1063,2025-06-12 12:05:00,6088.00,6090.25,6087.50,6089.50,117,60,177,57,394,55597
1064,2025-06-12 12:06:00,6089.50,6092.25,6088.50,6090.75,67,91,158,-24,370,55755
1065,2025-06-12 12:07:00,6090.75,6091.75,6086.50,6090.00,318,301,619,17,387,56374
1066,2025-06-12 12:08:00,6089.75,6091.25,6089.75,6091.00,48,40,88,8,395,56462
1067,2025-06-12 12:09:00,6091.25,6094.25,6091.25,6093.00,92,64,156,28,423,56618
1068,2025-06-12 12:10:00,6093.25,6095.25,6093.00,6093.25,110,116,226,-6,417,56844
1069,2025-06-12 12:11:00,6093.25,6095.50,6093.00,6094.50,61,53,114,8,425,56958
1070,2025-06-12 12:12:00,6095.00,6096.75,6094.75,6095.75,61,43,104,18,443,57062
1071,2025-06-12 12:13:00,6096.00,6098.75,6094.75,6095.50,309,264,573,45,488,57635
1072,2025-06-12 12:14:00,6095.25,6096.00,6094.50,6095.50,102,59,161,43,531,57796
1073,2025-06-12 12:15:00,6095.75,6097.25,6095.75,6096.25,43,40,83,3,534,57879
1074,2025-06-12 12:16:00,6096.25,6097.50,6096.00,6097.00,39,73,112,-34,500,57991
1075,2025-06-12 12:17:00,6096.75,6096.75,6095.00,6095.75,70,56,126,14,514,58117
1076,2025-06-12 12:18:00,6096.00,6096.25,6093.00,6093.50,45,79,124,-34,480,58241
1077,2025-06-12 12:19:00,6093.25,6095.50,6093.25,6094.00,37,24,61,13,493,58302
1078,2025-06-12 12:20:00,6093.75,6095.75,6093.75,6094.75,60,32,92,28,521,58394
1079,2025-06-12 12:21:00,6095.00,6095.50,6094.00,6095.00,33,19,52,14,535,58446
1080,2025-06-12 12:22:00,6094.75,6095.50,6092.25,6092.75,50,41,91,9,544,58537
1081,2025-06-12 12:23:00,6093.00,6093.00,6089.75,6090.00,97,70,167,27,571,58704
1082,2025-06-12 12:24:00,6090.00,6090.00,6088.25,6089.50,59,49,108,10,581,58812
1083,2025-06-12 12:25:00,6089.50,6091.00,6089.50,6090.75,51,21,72,30,611,58884
1084,2025-06-12 12:26:00,6090.50,6091.25,6089.50,6091.25,38,29,67,9,620,58951
1085,2025-06-12 12:27:00,6091.25,6095.25,6090.50,6094.25,239,124,363,115,735,59314
1086,2025-06-12 12:28:00,6094.25,6096.50,6093.75,6096.25,110,118,228,-8,727,59542
1087,2025-06-12 12:29:00,6096.25,6098.25,6096.25,6096.50,74,29,103,45,772,59645
1088,2025-06-12 12:30:00,6096.75,6096.75,6093.25,6095.25,85,59,144,26,798,59789
1089,2025-06-12 12:31:00,6095.00,6096.50,6086.75,6089.00,333,481,814,-148,650,60603
1090,2025-06-12 12:32:00,6089.25,6093.50,6088.00,6093.25,235,249,484,-14,636,61087
1091,2025-06-12 12:33:00,6093.50,6095.25,6093.00,6095.25,94,32,126,62,698,61213
1092,2025-06-12 12:34:00,6095.50,6096.00,6094.25,6095.00,49,31,80,18,716,61293
1093,2025-06-12 12:35:00,6095.00,6096.75,6094.75,6096.75,44,25,69,19,735,61362
1094,2025-06-12 12:36:00,6096.75,6097.50,6095.75,6097.25,26,20,46,6,741,61408
1095,2025-06-12 12:37:00,6097.75,6098.00,6095.50,6095.50,41,17,58,24,765,61466
1096,2025-06-12 12:38:00,6095.75,6097.25,6095.00,6096.50,54,44,98,10,775,61564
1097,2025-06-12 12:39:00,6096.50,6101.25,6096.50,6099.50,245,106,351,139,914,61915
1098,2025-06-12 12:40:00,6099.75,6099.75,6097.75,6099.25,92,79,171,13,927,62086
1099,2025-06-12 12:41:00,6099.25,6099.50,6098.25,6098.75,34,17,51,17,944,62137
1100,2025-06-12 12:42:00,6098.75,6099.50,6098.50,6098.75,39,20,59,19,963,62196
1101,2025-06-12 12:43:00,6098.50,6098.50,6096.75,6097.50,60,40,100,20,983,62296
1102,2025-06-12 12:44:00,6097.75,6098.75,6097.50,6098.50,62,30,92,32,1015,62388
1103,2025-06-12 12:45:00,6098.75,6099.50,6097.75,6097.75,30,32,62,-2,1013,62450
1104,2025-06-12 12:46:00,6098.00,6098.00,6097.00,6097.25,23,14,37,9,1022,62487
1105,2025-06-12 12:47:00,6097.00,6097.00,6095.25,6095.75,31,36,67,-5,1017,62554
1106,2025-06-12 12:48:00,6095.25,6097.25,6095.00,6096.75,29,41,70,-12,1005,62624
1107,2025-06-12 12:49:00,6096.50,6096.50,6095.25,6095.25,19,10,29,9,1014,62653
1108,2025-06-12 12:50:00,6095.00,6095.25,6093.00,6095.00,51,41,92,10,1024,62745
1109,2025-06-12 12:51:00,6094.75,6095.00,6092.75,6093.75,58,66,124,-8,1016,62869
1110,2025-06-12 12:52:00,6093.50,6094.25,6092.50,6094.25,29,24,53,5,1021,62922
1111,2025-06-12 12:53:00,6094.50,6095.25,6093.25,6094.00,32,38,70,-6,1015,62992
1112,2025-06-12 12:54:00,6094.25,6094.25,6091.75,6092.00,33,31,64,2,1017,63056
1113,2025-06-12 12:55:00,6092.00,6093.25,6091.25,6093.00,40,15,55,25,1042,63111
1114,2025-06-12 12:56:00,6093.25,6093.50,6092.25,6092.50,21,16,37,5,1047,63148
1115,2025-06-12 12:57:00,6092.25,6093.00,6091.50,6092.75,32,18,50,14,1061,63198
1116,2025-06-12 12:58:00,6092.50,6093.00,6091.25,6092.25,25,34,59,-9,1052,63257
1117,2025-06-12 12:59:00,6092.25,6092.25,6090.25,6091.00,42,26,68,16,1068,63325
1118,2025-06-12 13:00:00,6091.50,6092.25,6090.25,6091.75,30,20,50,10,1078,63375
1119,2025-06-12 13:01:00,6091.75,6094.00,6091.75,6093.25,14,28,42,-14,1064,63417
1120,2025-06-12 13:02:00,6093.50,6099.25,6093.50,6095.25,156,117,273,39,1103,63690
1121,2025-06-12 13:03:00,6095.25,6097.25,6094.50,6095.00,29,26,55,3,1106,63745
1122,2025-06-12 13:04:00,6095.25,6096.00,6093.25,6094.00,42,41,83,1,1107,63828
1123,2025-06-12 13:05:00,6094.50,6095.00,6093.00,6094.25,43,14,57,29,1136,63885
1124,2025-06-12 13:06:00,6094.00,6094.50,6093.00,6094.50,14,17,31,-3,1133,63916
1125,2025-06-12 13:07:00,6095.00,6096.50,6094.75,6095.75,31,17,48,14,1147,63964
1126,2025-06-12 13:08:00,6096.00,6097.50,6095.75,6097.00,25,28,53,-3,1144,64017
1127,2025-06-12 13:09:00,6096.75,6097.00,6096.00,6097.00,38,14,52,24,1168,64069
1128,2025-06-12 13:10:00,6097.00,6099.25,6096.75,6099.25,60,27,87,33,1201,64156
1129,2025-06-12 13:11:00,6099.25,6099.25,6097.50,6097.75,20,15,35,5,1206,64191
1130,2025-06-12 13:12:00,6097.75,6098.00,6096.00,6096.50,11,13,24,-2,1204,64215
1131,2025-06-12 13:13:00,6096.75,6097.50,6096.50,6096.75,15,7,22,8,1212,64237
1132,2025-06-12 13:14:00,6096.75,6098.25,6096.25,6098.25,8,12,20,-4,1208,64257
1133,2025-06-12 13:15:00,6098.00,6098.50,6097.75,6098.00,21,13,34,8,1216,64291
1134,2025-06-12 13:16:00,6098.25,6098.50,6096.50,6097.25,15,13,28,2,1218,64319
1135,2025-06-12 13:17:00,6097.50,6098.75,6097.50,6097.75,10,14,24,-4,1214,64343
1136,2025-06-12 13:18:00,6097.75,6100.00,6097.50,6099.75,46,16,62,30,1244,64405
1137,2025-06-12 13:19:00,6099.75,6100.00,6099.25,6099.25,12,14,26,-2,1242,64431
1138,2025-06-12 13:20:00,6099.00,6099.50,6098.00,6098.75,16,21,37,-5,1237,64468
1139,2025-06-12 13:21:00,6099.00,6099.00,6098.25,6098.50,14,13,27,1,1238,64495
1140,2025-06-12 13:22:00,6098.75,6099.50,6098.00,6098.00,33,13,46,20,1258,64541
1141,2025-06-12 13:23:00,6097.75,6098.25,6097.00,6097.50,15,15,30,0,1258,64571
1142,2025-06-12 13:24:00,6097.00,6097.75,6096.50,6096.75,20,22,42,-2,1256,64613
1143,2025-06-12 13:25:00,6096.50,6098.00,6096.25,6097.50,55,34,89,21,1277,64702
1144,2025-06-12 13:26:00,6097.25,6098.00,6096.75,6096.75,9,8,17,1,1278,64719
1145,2025-06-12 13:27:00,6096.75,6097.50,6096.75,6097.00,4,2,6,2,1280,64725
1146,2025-06-12 13:28:00,6097.25,6097.25,6094.25,6094.75,23,25,48,-2,1278,64773
1147,2025-06-12 13:29:00,6094.75,6096.75,6094.75,6096.50,32,13,45,19,1297,64818
1148,2025-06-12 13:30:00,6096.50,6099.25,6096.25,6099.25,43,17,60,26,1323,64878
1149,2025-06-12 13:31:00,6099.50,6100.25,6098.75,6100.25,66,28,94,38,1361,64972
1150,2025-06-12 13:32:00,6100.50,6102.00,6100.00,6100.75,58,30,88,28,1389,65060
1151,2025-06-12 13:33:00,6100.75,6101.25,6100.25,6101.00,11,9,20,2,1391,65080
1152,2025-06-12 13:34:00,6101.50,6102.50,6101.25,6101.75,51,27,78,24,1415,65158
1153,2025-06-12 13:35:00,6101.75,6102.50,6100.75,6100.75,46,40,86,6,1421,65244
1154,2025-06-12 13:36:00,6100.00,6101.25,6099.50,6100.50,42,20,62,22,1443,65306
1155,2025-06-12 13:37:00,6100.25,6102.00,6100.00,6101.75,26,17,43,9,1452,65349
1156,2025-06-12 13:38:00,6101.50,6101.50,6101.00,6101.25,57,21,78,36,1488,65427
1157,2025-06-12 13:39:00,6101.00,6101.25,6100.75,6101.00,35,20,55,15,1503,65482
1158,2025-06-12 13:40:00,6100.75,6101.25,6099.75,6101.25,21,14,35,7,1510,65517
1159,2025-06-12 13:41:00,6101.00,6101.50,6100.25,6101.25,27,14,41,13,1523,65558
1160,2025-06-12 13:42:00,6101.25,6101.25,6099.50,6100.25,22,12,34,10,1533,65592
1161,2025-06-12 13:43:00,6100.00,6101.50,6100.00,6101.00,28,11,39,17,1550,65631
1162,2025-06-12 13:44:00,6101.00,6101.00,6100.25,6100.25,20,3,23,17,1567,65654
1163,2025-06-12 13:45:00,6101.25,6101.25,6099.00,6099.50,51,105,156,-54,1513,65810
1164,2025-06-12 13:46:00,6099.50,6100.50,6098.50,6100.50,34,35,69,-1,1512,65879
1165,2025-06-12 13:47:00,6100.25,6101.00,6100.00,6100.50,17,21,38,-4,1508,65917
1166,2025-06-12 13:48:00,6100.00,6100.00,6098.50,6098.50,11,5,16,6,1514,65933
1167,2025-06-12 13:49:00,6098.75,6098.75,6098.25,6098.25,28,26,54,2,1516,65987
1168,2025-06-12 13:50:00,6098.50,6100.25,6098.50,6099.75,32,13,45,19,1535,66032
1169,2025-06-12 13:51:00,6099.50,6100.75,6099.50,6100.25,23,19,42,4,1539,66074
1170,2025-06-12 13:52:00,6100.25,6100.25,6099.75,6100.25,21,23,44,-2,1537,66118
1171,2025-06-12 13:53:00,6100.25,6100.25,6099.50,6100.00,25,27,52,-2,1535,66170
1172,2025-06-12 13:54:00,6099.75,6100.25,6099.00,6100.25,21,24,45,-3,1532,66215
1173,2025-06-12 13:55:00,6100.50,6100.50,6099.00,6099.50,17,21,38,-4,1528,66253
1174,2025-06-12 13:56:00,6099.25,6099.25,6097.25,6098.25,18,30,48,-12,1516,66301
1175,2025-06-12 13:57:00,6098.00,6098.00,6096.25,6096.75,12,30,42,-18,1498,66343
1176,2025-06-12 13:58:00,6097.00,6099.00,6097.00,6098.75,19,16,35,3,1501,66378
1177,2025-06-12 13:59:00,6098.50,6098.50,6097.75,6098.00,20,34,54,-14,1487,66432
1178,2025-06-12 14:00:00,6098.00,6098.75,6097.25,6098.75,17,26,43,-9,1478,66475
1179,2025-06-12 14:01:00,6098.75,6099.50,6098.00,6098.75,29,32,61,-3,1475,66536
1180,2025-06-12 14:02:00,6099.50,6099.50,6098.25,6099.00,27,22,49,5,1480,66585
1181,2025-06-12 14:03:00,6099.00,6099.00,6096.75,6097.00,20,21,41,-1,1479,66626
1182,2025-06-12 14:04:00,6097.25,6099.25,6097.25,6099.00,30,13,43,17,1496,66669
1183,2025-06-12 14:05:00,6099.00,6100.00,6098.75,6100.00,18,6,24,12,1508,66693
1184,2025-06-12 14:06:00,6100.00,6101.00,6099.25,6100.25,31,30,61,1,1509,66754
1185,2025-06-12 14:07:00,6100.50,6100.50,6099.25,6099.25,12,16,28,-4,1505,66782
1186,2025-06-12 14:08:00,6099.50,6100.25,6099.25,6100.25,19,6,25,13,1518,66807
1187,2025-06-12 14:09:00,6100.25,6100.50,6100.00,6100.25,5,8,13,-3,1515,66820
1188,2025-06-12 14:10:00,6100.50,6100.50,6099.50,6100.25,7,19,26,-12,1503,66846
1189,2025-06-12 14:11:00,6100.00,6100.25,6099.50,6100.25,11,11,22,0,1503,66868
1190,2025-06-12 14:12:00,6099.75,6100.75,6099.75,6100.00,21,26,47,-5,1498,66915
1191,2025-06-12 14:13:00,6100.00,6100.00,6099.00,6099.00,9,19,28,-10,1488,66943
1192,2025-06-12 14:14:00,6098.75,6098.75,6097.75,6097.75,10,31,41,-21,1467,66984
1193,2025-06-12 14:15:00,6097.75,6099.25,6097.75,6099.00,19,5,24,14,1481,67008
1194,2025-06-12 14:16:00,6099.00,6100.00,6098.25,6098.25,20,34,54,-14,1467,67062
1195,2025-06-12 14:17:00,6098.50,6098.50,6097.50,6097.75,10,13,23,-3,1464,67085
1196,2025-06-12 14:18:00,6098.00,6099.00,6097.75,6098.25,24,18,42,6,1470,67127
1197,2025-06-12 14:19:00,6097.75,6098.75,6097.50,6098.75,22,11,33,11,1481,67160
1198,2025-06-12 14:20:00,6098.75,6099.75,6098.75,6099.25,12,7,19,5,1486,67179
1199,2025-06-12 14:21:00,6099.25,6099.25,6098.50,6099.00,4,9,13,-5,1481,67192
1200,2025-06-12 14:22:00,6098.50,6098.50,6097.00,6097.25,11,23,34,-12,1469,67226
1201,2025-06-12 14:23:00,6097.25,6097.75,6095.50,6095.75,25,28,53,-3,1466,67279
1202,2025-06-12 14:24:00,6096.25,6097.00,6095.25,6096.00,38,29,67,9,1475,67346
1203,2025-06-12 14:25:00,6096.00,6097.00,6096.00,6096.25,24,48,72,-24,1451,67418
1204,2025-06-12 14:26:00,6096.50,6097.25,6095.25,6097.00,20,10,30,10,1461,67448
1205,2025-06-12 14:27:00,6097.00,6097.00,6091.00,6092.75,104,153,257,-49,1412,67705
1206,2025-06-12 14:28:00,6093.75,6096.25,6093.75,6095.25,65,21,86,44,1456,67791
1207,2025-06-12 14:29:00,6094.75,6095.50,6094.50,6094.75,8,27,35,-19,1437,67826
1208,2025-06-12 14:30:00,6095.25,6095.25,6093.50,6094.00,35,50,85,-15,1422,67911
1209,2025-06-12 14:31:00,6094.25,6094.75,6092.75,6093.25,114,111,225,3,1425,68136
1210,2025-06-12 14:32:00,6092.75,6093.75,6091.00,6093.25,56,56,112,0,1425,68248
1211,2025-06-12 14:33:00,6093.75,6095.25,6093.75,6095.00,9,15,24,-6,1419,68272
1212,2025-06-12 14:34:00,6095.25,6095.75,6093.75,6094.75,25,32,57,-7,1412,68329
1213,2025-06-12 14:35:00,6095.00,6097.75,6095.00,6097.75,64,102,166,-38,1374,68495
1214,2025-06-12 14:36:00,6097.50,6098.25,6097.25,6097.75,45,17,62,28,1402,68557
1215,2025-06-12 14:37:00,6098.00,6098.25,6095.00,6095.75,21,30,51,-9,1393,68608
1216,2025-06-12 14:38:00,6095.50,6096.50,6094.75,6096.25,32,15,47,17,1410,68655
1217,2025-06-12 14:39:00,6096.25,6097.25,6095.75,6097.25,19,30,49,-11,1399,68704
1218,2025-06-12 14:40:00,6097.00,6098.00,6097.00,6097.00,6,9,15,-3,1396,68719
1219,2025-06-12 14:41:00,6097.50,6097.50,6096.50,6097.25,11,13,24,-2,1394,68743
1220,2025-06-12 14:42:00,6097.00,6097.25,6096.00,6096.00,21,21,42,0,1394,68785
1221,2025-06-12 14:43:00,6095.75,6095.75,6094.50,6094.50,13,11,24,2,1396,68809
1222,2025-06-12 14:44:00,6094.75,6095.00,6094.00,6094.25,15,19,34,-4,1392,68843
1223,2025-06-12 14:45:00,6094.50,6095.00,6094.25,6094.25,21,12,33,9,1401,68876
1224,2025-06-12 14:46:00,6094.00,6094.50,6093.00,6093.00,18,13,31,5,1406,68907
1225,2025-06-12 14:47:00,6093.25,6095.75,6093.25,6095.50,21,22,43,-1,1405,68950
1226,2025-06-12 14:48:00,6096.50,6097.50,6096.50,6097.00,24,19,43,5,1410,68993
1227,2025-06-12 14:49:00,6097.00,6097.25,6096.50,6096.75,18,12,30,6,1416,69023
1228,2025-06-12 14:50:00,6096.50,6096.50,6095.75,6096.00,16,20,36,-4,1412,69059
1229,2025-06-12 14:51:00,6095.75,6098.25,6095.75,6098.25,31,12,43,19,1431,69102
1230,2025-06-12 14:52:00,6098.50,6099.25,6098.25,6098.75,24,2,26,22,1453,69128
1231,2025-06-12 14:53:00,6099.00,6099.00,6098.50,6098.75,20,7,27,13,1466,69155
1232,2025-06-12 14:54:00,6098.75,6099.25,6098.25,6098.25,28,14,42,14,1480,69197
1233,2025-06-12 14:55:00,6098.25,6098.25,6096.50,6097.50,14,18,32,-4,1476,69229
1234,2025-06-12 14:56:00,6097.00,6097.00,6096.00,6097.00,22,33,55,-11,1465,69284
1235,2025-06-12 14:57:00,6097.00,6098.50,6097.00,6098.50,8,3,11,5,1470,69295
1236,2025-06-12 14:58:00,6098.75,6099.25,6098.50,6098.75,16,16,32,0,1470,69327
1237,2025-06-12 14:59:00,6099.50,6100.50,6099.00,6100.25,22,9,31,13,1483,69358
1238,2025-06-12 15:00:00,6100.00,6101.00,6099.00,6099.50,49,20,69,29,1512,69427
1239,2025-06-12 15:01:00,6100.00,6100.00,6098.50,6100.00,42,13,55,29,1541,69482
1240,2025-06-12 15:02:00,6100.00,6100.75,6100.00,6100.25,31,10,41,21,1562,69523
1241,2025-06-12 15:03:00,6100.50,6101.50,6100.00,6101.50,31,23,54,8,1570,69577
1242,2025-06-12 15:04:00,6101.25,6101.50,6100.00,6100.50,68,36,104,32,1602,69681
1243,2025-06-12 15:05:00,6100.50,6101.75,6100.00,6100.75,13,21,34,-8,1594,69715
1244,2025-06-12 15:06:00,6100.75,6101.00,6100.50,6101.00,5,8,13,-3,1591,69728
1245,2025-06-12 15:07:00,6100.75,6101.25,6100.25,6100.50,19,11,30,8,1599,69758
1246,2025-06-12 15:08:00,6100.75,6100.75,6099.75,6099.75,10,17,27,-7,1592,69785
1247,2025-06-12 15:09:00,6099.75,6100.50,6099.50,6100.25,7,13,20,-6,1586,69805
1248,2025-06-12 15:10:00,6100.50,6101.00,6100.00,6100.00,23,20,43,3,1589,69848
1249,2025-06-12 15:11:00,6101.00,6101.00,6099.25,6100.50,19,22,41,-3,1586,69889
1250,2025-06-12 15:12:00,6100.50,6100.75,6100.25,6100.25,9,14,23,-5,1581,69912
1251,2025-06-12 15:13:00,6100.25,6100.50,6099.50,6100.50,8,4,12,4,1585,69924
1252,2025-06-12 15:14:00,6100.25,6100.25,6099.25,6099.25,5,14,19,-9,1576,69943
1253,2025-06-12 15:15:00,6099.75,6100.50,6099.50,6100.25,21,6,27,15,1591,69970
1254,2025-06-12 15:16:00,6100.50,6101.00,6100.00,6100.50,24,30,54,-6,1585,70024
1255,2025-06-12 15:17:00,6100.50,6102.50,6100.50,6102.50,28,14,42,14,1599,70066
1256,2025-06-12 15:18:00,6102.25,6102.25,6100.75,6100.75,31,19,50,12,1611,70116
1257,2025-06-12 15:19:00,6100.75,6102.00,6100.50,6102.00,26,12,38,14,1625,70154
1258,2025-06-12 15:20:00,6101.75,6102.50,6101.00,6102.00,33,17,50,16,1641,70204
1259,2025-06-12 15:21:00,6102.25,6102.50,6101.75,6102.00,21,22,43,-1,1640,70247
1260,2025-06-12 15:22:00,6102.25,6102.25,6100.00,6100.00,19,32,51,-13,1627,70298
1261,2025-06-12 15:23:00,6099.50,6100.75,6099.50,6100.00,51,40,91,11,1638,70389
1262,2025-06-12 15:24:00,6100.00,6100.50,6099.75,6100.00,29,18,47,11,1649,70436
1263,2025-06-12 15:25:00,6099.75,6100.00,6097.75,6097.75,35,52,87,-17,1632,70523
1264,2025-06-12 15:26:00,6097.75,6099.50,6097.50,6099.50,47,27,74,20,1652,70597
1265,2025-06-12 15:27:00,6099.25,6099.75,6098.50,6098.50,26,12,38,14,1666,70635
1266,2025-06-12 15:28:00,6098.50,6099.50,6098.50,6099.25,44,58,102,-14,1652,70737
1267,2025-06-12 15:29:00,6099.25,6100.00,6099.25,6100.00,47,296,343,-249,1403,71080
1268,2025-06-12 15:30:00,6099.75,6099.75,6098.00,6098.00,53,130,183,-77,1326,71263
1269,2025-06-12 15:31:00,6098.00,6099.00,6096.75,6097.50,77,430,507,-353,973,71770
1270,2025-06-12 15:32:00,6097.50,6098.00,6096.50,6097.50,37,47,84,-10,963,71854
1271,2025-06-12 15:33:00,6097.50,6098.25,6096.00,6098.25,73,90,163,-17,946,72017
1272,2025-06-12 15:34:00,6098.25,6099.50,6098.25,6098.75,39,42,81,-3,943,72098
1273,2025-06-12 15:35:00,6098.50,6098.50,6097.25,6097.75,26,53,79,-27,916,72177
1274,2025-06-12 15:36:00,6097.75,6098.25,6097.50,6098.25,29,53,82,-24,892,72259
1275,2025-06-12 15:37:00,6098.25,6098.25,6097.25,6097.50,27,48,75,-21,871,72334
1276,2025-06-12 15:38:00,6097.50,6099.50,6097.50,6098.75,125,62,187,63,934,72521
1277,2025-06-12 15:39:00,6098.50,6099.00,6098.00,6098.50,28,58,86,-30,904,72607
1278,2025-06-12 15:40:00,6098.25,6098.25,6096.25,6096.75,38,77,115,-39,865,72722
1279,2025-06-12 15:41:00,6096.75,6097.00,6096.00,6096.25,44,61,105,-17,848,72827
1280,2025-06-12 15:42:00,6096.25,6097.00,6095.75,6096.00,47,88,135,-41,807,72962
1281,2025-06-12 15:43:00,6096.25,6096.25,6094.75,6095.50,58,108,166,-50,757,73128
1282,2025-06-12 15:44:00,6095.25,6095.75,6094.00,6094.25,49,133,182,-84,673,73310
1283,2025-06-12 15:45:00,6094.25,6094.50,6092.25,6094.00,66,138,204,-72,601,73514
1284,2025-06-12 15:46:00,6094.00,6095.25,6092.75,6093.75,52,107,159,-55,546,73673
1285,2025-06-12 15:47:00,6093.50,6095.25,6093.50,6094.50,42,76,118,-34,512,73791
1286,2025-06-12 15:48:00,6094.75,6095.25,6094.00,6094.00,61,56,117,5,517,73908
1287,2025-06-12 15:49:00,6094.00,6094.00,6093.00,6093.25,51,72,123,-21,496,74031
1288,2025-06-12 15:50:00,6093.00,6095.25,6090.75,6095.00,248,333,581,-85,411,74612
1289,2025-06-12 15:51:00,6095.50,6096.00,6093.25,6094.00,119,170,289,-51,360,74901
1290,2025-06-12 15:52:00,6094.25,6095.25,6094.00,6095.00,83,92,175,-9,351,75076
1291,2025-06-12 15:53:00,6095.25,6095.75,6093.25,6093.25,90,144,234,-54,297,75310
1292,2025-06-12 15:54:00,6093.00,6094.75,6091.75,6093.75,203,263,466,-60,237,75776
1293,2025-06-12 15:55:00,6093.75,6098.00,6093.75,6097.00,301,257,558,44,281,76334
1294,2025-06-12 15:56:00,6097.00,6097.25,6095.50,6096.50,93,161,254,-68,213,76588
1295,2025-06-12 15:57:00,6096.50,6099.75,6096.50,6099.50,278,212,490,66,279,77078
1296,2025-06-12 15:58:00,6099.50,6101.75,6099.25,6099.50,237,388,625,-151,128,77703
1297,2025-06-12 15:59:00,6099.50,6104.50,6098.50,6104.00,925,1127,2052,-202,-74,79755
1298,2025-06-12 16:00:00,6104.25,6105.25,6101.00,6102.25,654,603,1257,51,-23,81012
1299,2025-06-12 16:01:00,6102.25,6103.75,6101.75,6103.25,147,168,315,-21,-44,81327
1300,2025-06-12 16:02:00,6103.25,6103.75,6102.75,6103.00,53,66,119,-13,-57,81446
1301,2025-06-12 16:03:00,6103.25,6104.25,6102.25,6103.00,82,192,274,-110,-167,81720
1302,2025-06-12 16:04:00,6102.75,6103.25,6101.00,6101.25,52,166,218,-114,-281,81938
1303,2025-06-12 16:05:00,6102.00,6104.00,6102.00,6103.00,107,160,267,-53,-334,82205
1304,2025-06-12 16:06:00,6103.00,6103.00,6102.00,6102.75,24,23,47,1,-333,82252
1305,2025-06-12 16:07:00,6102.75,6103.00,6101.50,6101.75,19,23,42,-4,-337,82294
1306,2025-06-12 16:08:00,6102.00,6102.00,6101.25,6101.50,14,12,26,2,-335,82320
1307,2025-06-12 16:09:00,6102.00,6102.25,6101.25,6102.25,19,25,44,-6,-341,82364
1308,2025-06-12 16:10:00,6102.25,6103.25,6102.00,6102.75,26,8,34,18,-323,82398
1309,2025-06-12 16:11:00,6102.50,6103.25,6102.00,6103.00,18,24,42,-6,-329,82440
1310,2025-06-12 16:12:00,6103.00,6103.00,6101.75,6101.75,0,19,19,-19,-348,82459
1311,2025-06-12 16:13:00,6101.50,6101.75,6101.25,6101.75,5,7,12,-2,-350,82471
1312,2025-06-12 16:14:00,6101.50,6102.00,6101.25,6101.75,11,13,24,-2,-352,82495
1313,2025-06-12 16:15:00,6101.00,6101.25,6100.25,6100.25,1,11,12,-10,-362,82507
1314,2025-06-12 16:16:00,6101.25,6101.25,6101.00,6101.25,5,3,8,2,-360,82515
1315,2025-06-12 16:17:00,6101.25,6101.50,6101.25,6101.50,5,0,5,5,-355,82520
1316,2025-06-12 16:18:00,6101.50,6101.50,6100.50,6100.50,1,7,8,-6,-361,82528
1317,2025-06-12 16:19:00,6100.75,6100.75,6099.50,6099.50,7,42,49,-35,-396,82577
1318,2025-06-12 16:20:00,6099.50,6099.50,6098.75,6099.00,15,10,25,5,-391,82602
1319,2025-06-12 16:21:00,6098.50,6099.00,6098.50,6098.50,7,3,10,4,-387,82612
1320,2025-06-12 16:22:00,6098.50,6098.50,6098.00,6098.25,3,1,4,2,-385,82616
1321,2025-06-12 16:23:00,6098.25,6098.50,6098.25,6098.25,2,4,6,-2,-387,82622
1322,2025-06-12 16:24:00,6098.25,6098.25,6097.50,6097.75,55,26,81,29,-358,82703
1323,2025-06-12 16:25:00,6098.25,6098.50,6098.25,6098.50,2,1,3,1,-357,82706
1324,2025-06-12 16:26:00,6098.25,6098.50,6098.25,6098.50,7,25,32,-18,-375,82738
1325,2025-06-12 16:27:00,6098.50,6098.50,6098.00,6098.00,3,10,13,-7,-382,82751
1326,2025-06-12 16:28:00,6097.50,6098.00,6097.25,6098.00,11,9,20,2,-380,82771
1327,2025-06-12 16:29:00,6097.75,6097.75,6097.00,6097.00,1,3,4,-2,-382,82775
1328,2025-06-12 16:30:00,6097.50,6097.50,6096.75,6097.00,7,5,12,2,-380,82787
1329,2025-06-12 16:31:00,6097.00,6097.00,6096.50,6097.00,4,6,10,-2,-382,82797
1330,2025-06-12 16:32:00,6097.50,6097.75,6097.50,6097.50,6,3,9,3,-379,82806
1331,2025-06-12 16:33:00,6097.75,6097.75,6097.75,6097.75,1,0,1,1,-378,82807
1332,2025-06-12 16:35:00,6097.25,6097.75,6097.25,6097.75,2,1,3,1,-377,82810
1333,2025-06-12 16:36:00,6097.75,6098.00,6097.50,6098.00,3,4,7,-1,-378,82817
1334,2025-06-12 16:37:00,6098.00,6098.75,6098.00,6098.75,4,2,6,2,-376,82823
1335,2025-06-12 16:38:00,6098.50,6098.50,6098.50,6098.50,0,2,2,-2,-378,82825
1336,2025-06-12 16:39:00,6098.50,6098.50,6098.00,6098.50,5,32,37,-27,-405,82862
1337,2025-06-12 16:40:00,6098.25,6098.50,6098.25,6098.50,3,3,6,0,-405,82868
1338,2025-06-12 16:41:00,6098.50,6098.50,6097.75,6097.75,0,6,6,-6,-411,82874
1339,2025-06-12 16:42:00,6097.50,6098.00,6097.25,6097.75,2,13,15,-11,-422,82889
1340,2025-06-12 16:43:00,6098.00,6098.00,6097.50,6097.50,2,4,6,-2,-424,82895
1341,2025-06-12 16:44:00,6097.50,6097.50,6097.00,6097.25,9,26,35,-17,-441,82930
1342,2025-06-12 16:45:00,6097.25,6097.25,6096.75,6097.25,4,1,5,3,-438,82935
1343,2025-06-12 16:46:00,6097.25,6097.25,6097.00,6097.00,0,7,7,-7,-445,82942
1344,2025-06-12 16:47:00,6096.75,6096.75,6096.75,6096.75,0,1,1,-1,-446,82943
1345,2025-06-12 16:48:00,6097.25,6097.50,6097.25,6097.25,2,3,5,-1,-447,82948
1346,2025-06-12 16:49:00,6097.00,6097.00,6096.75,6096.75,2,2,4,0,-447,82952
1347,2025-06-12 16:50:00,6096.25,6096.75,6096.25,6096.75,7,3,10,4,-443,82962
1348,2025-06-12 16:51:00,6096.50,6096.50,6096.50,6096.50,0,6,6,-6,-449,82968
1349,2025-06-12 16:54:00,6097.00,6097.00,6096.50,6096.75,7,3,10,4,-445,82978
1350,2025-06-12 16:55:00,6096.75,6096.75,6096.75,6096.75,0,1,1,-1,-446,82979
1351,2025-06-12 16:56:00,6096.75,6097.00,6096.75,6097.00,7,22,29,-15,-461,83008
1352,2025-06-12 16:57:00,6096.75,6097.00,6096.50,6096.75,23,30,53,-7,-468,83061
1353,2025-06-12 16:58:00,6096.50,6096.50,6096.50,6096.50,1,2,3,-1,-469,83064
1354,2025-06-12 16:59:00,6097.00,6097.00,6095.75,6095.75,41,17,58,24,-445,83122
